tree
version=v4
num_class=1
num_tree_per_iteration=1
label_index=0
max_feature_idx=5
objective=binary sigmoid:1
feature_names=Column_0 Column_1 Column_2 Column_3 Column_4 Column_5
feature_infos=[0.37869999999999998:0.65989999999999993] [0.39579999999999999:0.64269999999999994] [0.050000000000000003:0.86739999999999995] [0.3054:0.67779999999999996] [28:69] [0.3054:0.67779999999999996]
tree_sizes=975 997 990 999 991 982 991 991 988 975 987 985 990 982 994 988 980 976 983 991 987 965 991 993 994 987 983 978 1000 978 988 978 984 988 977 989 995 988 1000 986 986 986 978 995 990 993 976 993 983 977 989 976 984 992 984 985 996 986 987 990 994 986 995 993 985 995 980 982 984 983 991 981 986 982 988 993 987 985 991 986 992 991 987 983 972 984 995 984 997 992 988 983 993 996 993 990 962 987 974 983 990 983 973 993 995 987 987 991 992 981 983 976 991 984 981 995 988 996 990 995 984 987 984 993 987 987 981 988 976 993 979 986 990 977 985 988 985 989 990 983 990 992 982 988 997 967 990 983 983 969 984 994 991 991 992 988 980 985 981 995 985 985 989 987 988 990 991 993 988 980 994 986 991 991 988 988 986 986 991 980 996 986 985 995 987 984 992 996 987 996 977 983 987 983 981 985 977 984 980 981

Tree=0
num_leaves=8
num_cat=0
split_feature=4 0 2 0 2 3 2
split_gain=17.0474 9.00202 6.97558 5.18064 4.77753 5.38115 5.01926
threshold=41.500000000000007 0.54175000000000006 0.29680000000000006 0.46815000000000007 0.5736500000000001 0.58585000000000009 0.48065000000000008
decision_type=2 2 2 2 2 2 2
left_child=1 3 -2 -1 6 -6 -4
right_child=2 -3 4 -5 5 -7 -8
leaf_value=-0.0021529035817274972 -0.024506579769887786 0.050418980386100043 0.055615946405830147 0.025524582612035565 0.076530586436443393 0.023581760160634339 0.038051666221078632
leaf_weight=79.471071034669876 12.745360448956488 133.70133019983768 314.88537579774857 453.83479559421539 110.209881529212 23.241539642214775 336.62746126949787
leaf_count=318 51 535 1260 1816 441 93 1347
internal_value=0.039015 0.027217 0.04888 0.0214002 0.0500716 0.0673092 0.0465407
internal_weight=1464.72 667.007 797.71 533.306 784.964 133.451 651.513
internal_count=5861 2669 3192 2134 3141 534 2607
is_linear=0
shrinkage=1


Tree=1
num_leaves=8
num_cat=0
split_feature=4 1 1 0 3 1 0
split_gain=13.8101 8.96231 7.66476 5.95134 5.26342 4.65156 5.79213
threshold=41.500000000000007 0.44240000000000002 0.56345000000000012 0.43824999999999997 0.40945000000000004 0.47455000000000008 0.55835000000000012
decision_type=2 2 2 2 2 2 2
left_child=1 -1 3 -3 -2 -5 -7
right_child=4 2 -4 5 -6 6 -8
leaf_value=-0.054419198558191009 -0.06862173202559084 -0.096559010923403757 0.03899918186803817 0.0062385902211776444 0.010499224606849211 -0.018011692687244028 0.018805313609814862
leaf_weight=42.246556296944618 8.4984124004840833 7.7499912232160559 34.481626510620117 158.97973096370697 788.96982817351818 375.41376039385796 48.219348400831223
leaf_count=169 34 31 138 636 3158 1502 193
internal_value=0.000774668 -0.00984251 -0.00682862 -0.00950531 0.00965605 -0.00834731 -0.0138211
internal_weight=1464.56 667.091 624.844 590.363 797.468 582.613 423.633
internal_count=5861 2669 2500 2362 3192 2331 1695
is_linear=0
shrinkage=0.1


Tree=2
num_leaves=8
num_cat=0
split_feature=4 0 2 2 3 0 0
split_gain=11.1884 6.17361 5.06367 4.01284 4.54686 4.53002 3.79066
threshold=41.500000000000007 0.54175000000000006 0.27895000000000009 0.5736500000000001 0.59215000000000007 0.56585000000000008 0.46815000000000007
decision_type=2 2 2 2 2 2 2
left_child=1 6 -2 5 -5 -4 -1
right_child=2 -3 3 4 -6 -7 -8
leaf_value=-0.033822689900808077 -0.081034839661113245 0.010362641772404153 0.0077828913238579102 0.031737523446544007 -0.027144458959583447 -0.037172235870177588 -0.010146929806355412
leaf_weight=79.462486431002617 6.2401712983846656 133.62285381555557 634.46439185738564 118.53903439640999 14.74571757018566 23.236052587628365 453.95246529579163
leaf_count=318 25 535 2540 475 59 93 1816
internal_value=0.000697455 -0.00885883 0.00869319 0.00940106 0.0252232 0.00619466 -0.0136739
internal_weight=1464.26 667.038 797.225 790.985 133.285 657.7 533.415
internal_count=5861 2669 3192 3167 534 2633 2134
is_linear=0
shrinkage=0.1


Tree=3
num_leaves=8
num_cat=0
split_feature=2 3 1 0 3 1 1
split_gain=6.50367 7.34345 8.57745 6.2702 6.06283 5.94103 5.73555
threshold=0.53180000000000016 0.51375000000000004 0.50355000000000016 0.61380000000000012 0.39955000000000007 0.44085000000000002 0.50875000000000015
decision_type=2 2 2 2 2 2 2
left_child=1 2 4 -2 -1 -6 -4
right_child=3 -3 6 -5 5 -7 -8
leaf_value=-0.036037382952385552 0.013154612347902809 -0.0280709211891296 0.043090540578318931 -0.080741729981603227 -0.039273428534755524 -0.00098377758120833637 0.0069708953914459377
leaf_weight=64.44147564470768 394.67192469537258 108.91631463170052 54.210987463593483 7.2423779666423789 43.695445537567139 558.09506312012672 232.56188327074051
leaf_count=258 1581 436 217 29 175 2234 931
internal_value=0.000628038 -0.00347262 -0.000661348 0.0114626 -0.00688561 -0.00376395 0.0137989
internal_weight=1463.84 1061.92 953.005 401.914 666.232 601.791 286.773
internal_count=5861 4251 3815 1610 2667 2409 1148
is_linear=0
shrinkage=0.1


Tree=4
num_leaves=8
num_cat=0
split_feature=4 1 1 1 0 0 1
split_gain=8.64173 6.50818 5.04178 4.51204 7.14219 4.48083 4.46634
threshold=41.500000000000007 0.56345000000000012 0.44240000000000002 0.53745000000000009 0.55735000000000012 0.59170000000000011 0.5313500000000001
decision_type=2 2 2 2 2 2 2
left_child=1 2 -1 4 6 -3 -4
right_child=-2 5 3 -5 -6 -7 -8
leaf_value=-0.043556411309610223 0.0075955458840839627 0.052714830551380293 -0.0090869454561152193 -0.033517848560583673 0.045120458191117402 -0.036996930009252096 0.048205312720643552
leaf_weight=42.138804093003273 796.70132406055927 27.43759486079216 488.11096855998039 60.951301738619804 27.202141150832176 6.9848068803548804 13.997113123536108
leaf_count=169 3192 110 1953 244 109 28 56
internal_value=0.000565506 -0.00783379 -0.0101387 -0.00775298 -0.0047861 0.034511 -0.00748983
internal_weight=1463.52 666.823 632.4 590.262 529.31 34.4224 502.108
internal_count=5861 2669 2531 2362 2118 138 2009
is_linear=0
shrinkage=0.1


Tree=5
num_leaves=8
num_cat=0
split_feature=2 4 3 1 1 2 4
split_gain=7.96136 5.72263 6.53646 4.47289 4.97755 9.04978 5.60416
threshold=0.71575000000000011 43.500000000000007 0.53935000000000011 0.54535000000000011 0.52475000000000005 0.60255000000000014 57.500000000000007
decision_type=2 2 2 2 2 2 2
left_child=1 -1 -3 4 5 -4 -6
right_child=-2 2 3 -5 6 -7 -8
leaf_value=-0.0049727680928518718 0.09131424904838191 0.0015654879095077956 0.070410453605152065 0.0048420620360862532 0.11619266972790768 -0.033102772476082183 0.038035596068671476
leaf_weight=970.13430753350258 9.4882505387067777 349.17313265800476 16.179594621062279 47.615825265645981 15.190562933683394 17.669631198048592 23.164507806301117
leaf_count=3885 38 1399 65 191 61 71 93
internal_value=1.36347e-05 -0.000588316 0.00848113 0.0286343 0.0443243 0.0163755 0.0689898
internal_weight=1448.62 1439.13 468.993 119.82 72.2043 33.8492 38.3551
internal_count=5803 5765 1880 481 290 136 154
is_linear=0
shrinkage=0.1


Tree=6
num_leaves=8
num_cat=0
split_feature=0 1 0 3 2 3 0
split_gain=6.61951 9.31752 4.57391 4.14897 5.37589 6.22625 6.24197
threshold=0.55295000000000005 0.57335000000000014 0.56415000000000004 0.42095000000000005 0.36230000000000001 0.45025000000000004 0.44625000000000004
decision_type=2 2 2 2 2 2 2
left_child=1 3 -2 -1 -5 6 -6
right_child=2 -3 -4 4 5 -7 -8
leaf_value=-0.019386421823569089 0.033699520081956612 0.1032319580667557 0.0045145693065763446 0.022726310483509246 0.055135212297170437 -0.0017139686164226453 -0.051971001050180723
leaf_weight=146.76143994927406 86.978903204202652 8.2157018333673459 140.34808252751827 84.653039172291756 6.2362636476755133 932.44604600965977 42.677640795707703
leaf_count=588 349 33 563 339 25 3735 171
internal_value=1.32625e-05 -0.00290383 0.0156812 -0.00362283 -0.0014526 -0.0035383 -0.0383155
internal_weight=1448.32 1220.99 227.327 1212.77 1066.01 981.36 48.9139
internal_count=5803 4891 912 4858 4270 3931 196
is_linear=0
shrinkage=0.1


Tree=7
num_leaves=8
num_cat=0
split_feature=2 4 3 0 2 0 2
split_gain=6.46599 4.83922 5.48384 7.21632 4.65799 4.5831 4.69915
threshold=0.7007000000000001 43.500000000000007 0.53935000000000011 0.51705000000000012 0.66220000000000001 0.55345000000000011 0.56925000000000014
decision_type=2 2 2 2 2 2 2
left_child=1 4 -3 -4 5 6 -1
right_child=-2 2 3 -5 -6 -7 -8
leaf_value=-0.0048055240190881142 0.066591990326011638 0.0014171096728537169 0.13371504189093153 0.020671041380185468 -0.066023738329611503 0.013788662240072773 -0.037878441380398205
leaf_weight=782.34233883023262 14.441026255488394 349.12898877263069 5.9482394605875006 111.52003613114357 12.227492839097975 126.87950621545315 45.457190960645676
leaf_count=3133 58 1399 24 449 49 509 182
internal_value=1.22909e-05 -0.000658429 0.00770549 0.0263952 -0.00469458 -0.00390908 -0.00662167
internal_weight=1447.94 1433.5 466.597 117.468 966.907 954.679 827.8
internal_count=5803 5745 1872 473 3873 3824 3315
is_linear=0
shrinkage=0.1


Tree=8
num_leaves=8
num_cat=0
split_feature=2 2 1 3 1 0 1
split_gain=5.41567 4.46638 5.09293 4.51998 4.3401 8.57521 6.77317
threshold=0.71575000000000011 0.28610000000000008 0.46245000000000008 0.38655000000000006 0.51295000000000013 0.52145000000000008 0.50035000000000007
decision_type=2 2 2 2 2 2 2
left_child=1 3 -3 -1 6 -6 -5
right_child=-2 2 -4 4 5 -7 -8
leaf_value=-0.0013234683696621006 0.075684547249026235 -0.014715480889283195 0.0038271834947870131 -0.036272241037009233 -0.134269979874338 -0.017360526746065131 0.069531659718868502
leaf_weight=80.302535071969032 9.3960492461919767 170.63329964876175 1122.8288233280182 31.414024725556374 11.239755734801294 14.200986534357069 7.4937953203916541
leaf_count=322 38 684 4501 126 45 57 30
internal_value=1.17991e-05 -0.000482616 0.00138104 -0.0171473 -0.0368944 -0.0690113 -0.015894
internal_weight=1447.51 1438.11 1293.46 144.651 64.3486 25.4407 38.9078
internal_count=5803 5765 5185 580 258 102 156
is_linear=0
shrinkage=0.1


Tree=9
num_leaves=8
num_cat=0
split_feature=2 1 2 3 3 1 0
split_gain=4.44589 3.9371 3.81116 4.06384 5.47204 5.36366 4.26287
threshold=0.7007000000000001 0.43905000000000005 0.29680000000000006 0.38655000000000006 0.39955000000000007 0.47985 0.52145000000000008
decision_type=2 2 2 2 2 2 2
left_child=1 -1 3 -3 -5 -6 -7
right_child=-2 2 -4 4 5 6 -8
leaf_value=-0.031492224490169467 0.055501845479407091 0.0015357388885140779 0.002195837871972129 -0.07245804824732012 0.047882446392535867 -0.054347466011507944 0.010684022111353025
leaf_weight=39.957489401102066 14.295387253165243 78.566257029771805 1237.8369303494692 22.36209437251091 11.226756945252417 26.662901416420937 16.206818610429764
leaf_count=161 58 315 4962 90 45 107 65
internal_value=1.04763e-05 -0.000543167 0.000344679 -0.0144364 -0.0308488 -0.0136486 -0.0297624
internal_weight=1447.11 1432.82 1392.86 155.025 76.4586 54.0965 42.8697
internal_count=5803 5745 5584 622 307 217 172
is_linear=0
shrinkage=0.1


Tree=10
num_leaves=8
num_cat=0
split_feature=0 1 1 4 1 2 4
split_gain=6.40509 4.87407 4.68239 3.60146 4.43829 8.87407 4.00189
threshold=0.55345000000000011 0.57335000000000014 0.49995000000000006 67.500000000000014 0.51045000000000007 0.55220000000000014 41.500000000000007
decision_type=2 2 2 2 2 2 2
left_child=1 3 -2 6 -5 -6 -1
right_child=2 -3 -4 4 5 -7 -8
leaf_value=-0.010200240025094875 0.089287687356922732 0.066489449900590178 0.011251285047677738 -0.090094528497508042 0.068754140888394807 -0.10236206840293367 0.0013839989780698998
leaf_weight=571.69129583239555 7.9728476852178565 9.6342140287160856 216.02320720255375 10.979191809892656 7.2396819293498975 5.2129193395376205 623.40807572007179
leaf_count=2291 32 39 869 44 29 21 2500
internal_value=-0.00152229 -0.00435856 0.0140289 -0.00491871 -0.0437445 -0.00287868 -0.00415747
internal_weight=1452.16 1228.17 223.996 1218.53 23.4318 12.4526 1195.1
internal_count=5825 4924 901 4885 94 50 4791
is_linear=0
shrinkage=0.1


Tree=11
num_leaves=8
num_cat=0
split_feature=0 0 3 2 4 4 2
split_gain=5.19246 4.22517 4.98673 5.73971 2.9957 3.09183 4.06079
threshold=0.55345000000000011 0.58970000000000011 0.5807000000000001 0.63845000000000018 67.500000000000014 41.500000000000007 0.67275000000000018
decision_type=2 2 2 2 2 2 2
left_child=4 -2 -3 -4 5 6 -1
right_child=1 2 3 -5 -6 -7 -8
leaf_value=-0.009401987511444292 0.019029084711969138 -0.060826352915184602 0.10733286821884094 -0.013242497982170622 -0.039320276712848608 0.0016420228222550398 0.069098234253078511
leaf_weight=572.48471011221409 183.99497073888779 15.671483770012854 4.9741394668817547 19.136780217289925 23.452147483825684 625.34191323816776 6.666488602757453
leaf_count=2295 741 63 20 77 94 2508 27
internal_value=-0.00136988 0.0126397 -0.0169112 0.0116325 -0.00392295 -0.00323375 -0.00849839
internal_weight=1451.72 223.777 39.7824 24.1109 1227.95 1204.49 579.151
internal_count=5825 901 160 97 4924 4830 2322
is_linear=0
shrinkage=0.1


Tree=12
num_leaves=8
num_cat=0
split_feature=0 1 1 4 1 1 5
split_gain=4.21113 4.22371 6.80544 8.23501 6.06637 5.31145 7.18066
threshold=0.55345000000000011 0.52785000000000015 0.52285000000000015 39.500000000000007 0.52475000000000005 0.51945000000000008 0.47425000000000006
decision_type=2 2 2 2 2 2 2
left_child=1 2 5 -4 -5 -1 -7
right_child=-2 -3 3 4 -6 6 -8
leaf_value=-0.0053924772468290864 0.011392206961151336 0.011687210319532756 0.056964551448504042 -0.11172947194322223 -0.030741874101701649 -0.054102224203823872 0.0603966321664186
leaf_weight=989.93402299284935 223.51243278384209 158.78549107909203 6.9833940267562857 14.710205912590025 24.912473663687706 6.9802387207746497 25.437523141503334
leaf_count=3969 901 638 28 59 100 28 102
internal_value=-0.00123276 -0.00353116 -0.00579173 -0.0431621 -0.0608091 -0.00408813 0.0357426
internal_weight=1451.26 1227.74 1068.96 46.6061 39.6227 1022.35 32.4178
internal_count=5825 4924 4286 187 159 4099 130
is_linear=0
shrinkage=0.1


Tree=13
num_leaves=8
num_cat=0
split_feature=0 1 1 0 3 2 1
split_gain=3.41335 3.99057 3.77161 2.83984 4.02745 4.70552 4.69485
threshold=0.55345000000000011 0.57800000000000018 0.49995000000000006 0.58970000000000011 0.5807000000000001 0.63845000000000018 0.59225000000000005
decision_type=2 2 2 2 2 2 2
left_child=1 -1 -2 -4 -5 -6 -7
right_child=2 -3 3 4 5 6 -8
leaf_value=-0.0036052322523711685 0.078159235970480564 0.072910954719076576 0.013238654515108195 -0.055732220043659464 0.096608640011425148 0.016184756323362352 -0.096947911285443084
leaf_weight=1220.7802864909172 7.892365798354148 6.8542459458112708 175.64700163900852 15.711929380893705 4.9181134700775173 14.191934123635294 4.9466848224401465
leaf_count=4896 32 28 709 63 20 57 20
internal_value=-0.00110939 -0.00317802 0.0102629 0.00777531 -0.0163547 0.00936347 -0.0130562
internal_weight=1450.94 1227.63 223.308 215.416 39.7687 24.0567 19.1386
internal_count=5825 4924 901 869 160 97 77
is_linear=0
shrinkage=0.1


Tree=14
num_leaves=8
num_cat=0
split_feature=2 0 1 2 0 0 2
split_gain=3.46761 2.89428 2.24338 7.95027 8.33475 7.21192 5.79848
threshold=0.7007000000000001 0.42100000000000004 0.52785000000000015 0.61185000000000012 0.55295000000000005 0.55105000000000015 0.6323000000000002
decision_type=2 2 2 2 2 2 2
left_child=1 -1 3 4 5 -3 -5
right_child=-2 2 -4 6 -6 -7 -8
leaf_value=-0.074350217385391035 0.05060888376866244 -0.0030507771205451673 0.0062527094477263165 -0.097271346112401624 0.037850692156218599 -0.099960280516818129 -0.012110817001908095
leaf_weight=5.4271599203348151 12.904391065239905 1025.9125688970089 316.05391064286232 15.158678233623503 50.447539389133453 7.7371497154235831 16.919334039092064
leaf_count=22 53 4113 1273 61 204 31 68
internal_value=-0.000997832 -0.00146105 -0.00118485 -0.00329086 -0.0018391 -0.00377617 -0.052354
internal_weight=1450.56 1437.66 1432.23 1116.18 1084.1 1033.65 32.078
internal_count=5825 5772 5750 4477 4348 4144 129
is_linear=0
shrinkage=0.1


Tree=15
num_leaves=8
num_cat=0
split_feature=1 2 3 2 4 4 1
split_gain=4.04518 4.47437 7.54895 6.79118 3.58122 3.65747 3.2638
threshold=0.56745000000000012 0.60820000000000007 0.58435000000000015 0.59245000000000003 47.500000000000007 40.500000000000007 0.5212500000000001
decision_type=2 2 2 2 2 2 2
left_child=1 3 -3 6 5 -4 -1
right_child=-2 2 4 -5 -6 -7 -8
leaf_value=0.00278388823059027 0.025678298090094198 -0.039212287739506045 0.046706615867849507 0.045262297513943124 0.083778695931755007 -0.038133839856874872 -0.0097688936823440934
leaf_weight=999.05517247319221 63.360923603177071 67.194983258843422 9.5534703135490471 34.326487451791763 7.1602155566215506 10.854719281196592 261.30567325651646
leaf_count=4007 257 271 39 139 29 44 1050
internal_value=0.000968171 -0.000158646 -0.0211339 0.00137662 0.0229303 0.00158163 0.000181369
internal_weight=1452.81 1389.45 94.7634 1294.69 27.5684 20.4082 1260.36
internal_count=5836 5579 383 5196 112 83 5057
is_linear=0
shrinkage=0.1


Tree=16
num_leaves=8
num_cat=0
split_feature=0 1 0 3 1 4 4
split_gain=4.66917 3.13919 6.96937 6.32114 5.88035 3.30062 2.8626
threshold=0.42974999999999997 0.56745000000000012 0.58500000000000008 0.57275000000000009 0.58795000000000008 33.500000000000007 44.500000000000007
decision_type=2 2 2 2 2 2 2
left_child=-1 5 6 -4 -5 -2 -3
right_child=1 2 3 4 -6 -7 -8
leaf_value=-0.062409911597089335 0.048378442248209662 0.033654669708271329 -0.10620811478153758 0.056659635690452285 -0.051006312462509987 -0.0001183812896730481 0.095340614142575969
leaf_weight=11.566532596945761 14.179530948400496 25.902270197868347 5.9820659309625652 11.830013468861582 8.8810220658779127 1363.6627579629421 10.602213487029074
leaf_count=47 57 106 24 48 36 5475 43
internal_value=0.000872357 0.00138029 0.0231734 -0.0156613 0.0104918 0.000380705 0.0515705
internal_weight=1452.61 1441.04 63.1976 26.6931 20.711 1377.84 36.5045
internal_count=5836 5789 257 108 84 5532 149
is_linear=0
shrinkage=0.1


Tree=17
num_leaves=8
num_cat=0
split_feature=0 1 1 0 3 0 0
split_gain=4.01346 2.94097 12.6204 4.39544 6.82456 3.66335 2.63571
threshold=0.42100000000000004 0.46705000000000008 0.47045000000000003 0.46395000000000003 0.47285000000000005 0.51565000000000016 0.48364999999999997
decision_type=2 2 2 2 2 2 2
left_child=-1 -2 3 -3 6 -6 -5
right_child=1 2 -4 4 5 -7 -8
leaf_value=-0.083880534795169673 -0.0090969656761995723 -0.02801214423331538 0.0011933383667570459 0.090738843708298419 0.012096624231303355 0.098654888961834442 0.1838352093953326
leaf_weight=5.5773142725229254 236.11209011077881 5.2221775054931632 1169.6277448236942 7.2404196113347989 16.234655350446705 6.9966985732316962 5.243454784154892
leaf_count=23 948 21 4701 29 65 28 21
internal_value=0.000785887 0.0011123 0.00310354 0.0576802 0.0702099 0.0381658 0.129841
internal_weight=1452.25 1446.68 1210.57 40.9374 35.7152 23.2314 12.4839
internal_count=5836 5813 4865 164 143 93 50
is_linear=0
shrinkage=0.1


Tree=18
num_leaves=8
num_cat=0
split_feature=0 1 0 3 1 4 1
split_gain=3.30368 2.59208 5.69247 5.11857 4.7761 2.70136 2.48103
threshold=0.42100000000000004 0.56745000000000012 0.58500000000000008 0.57275000000000009 0.58795000000000008 33.500000000000007 0.55945000000000011
decision_type=2 2 2 2 2 2 2
left_child=-1 5 -3 -4 -5 -2 -7
right_child=1 2 3 4 -6 6 -8
leaf_value=-0.076683711191058337 0.043486091900203493 0.046658843104983326 -0.095668108297555218 0.051212718615766296 -0.04585122797797489 0.00026403014140365355 -0.02980221936966191
leaf_weight=5.4950173497200003 14.202911272644995 36.237258419394493 5.9840655177831676 11.755860701203348 8.9128568321466428 1341.3828718960285 28.018907353281975
leaf_count=23 57 149 24 48 36 5386 113
internal_value=0.00070736 0.00100136 0.0208569 -0.0142237 0.00935637 9.88498e-05 -0.000351146
internal_weight=1451.99 1446.49 62.89 26.6528 20.6687 1383.6 1369.4
internal_count=5836 5813 257 108 84 5556 5499
is_linear=0
shrinkage=0.1


Tree=19
num_leaves=8
num_cat=0
split_feature=1 1 3 3 4 2 4
split_gain=2.60218 9.92393 4.35863 8.33137 3.35998 6.08547 3.54943
threshold=0.46705000000000008 0.47045000000000003 0.44065000000000004 0.47285000000000005 38.500000000000007 0.29680000000000006 40.500000000000007
decision_type=2 2 2 2 2 2 2
left_child=-1 2 -2 -4 -3 -6 -7
right_child=1 4 3 -5 5 6 -8
leaf_value=-0.0088854919288467761 -0.017012391531604987 0.014140321966264552 0.14596079543683066 0.035078835391757816 -0.066789517340033897 -0.014948638823731998 0.0020482068286413282
leaf_weight=239.59594403207302 7.6980706751346579 163.09910160303116 9.4507383406162244 23.946026250720024 14.004863783717154 143.61825126409531 850.17240764200687
leaf_count=963 31 657 38 96 57 577 3417
internal_value=0.000637147 0.00251966 0.0508208 0.0664566 0.000824436 -0.00133057 -0.000408102
internal_weight=1451.59 1211.99 41.0948 33.3968 1170.89 1007.8 993.791
internal_count=5836 4873 165 134 4708 4051 3994
is_linear=0
shrinkage=0.1


Tree=20
num_leaves=8
num_cat=0
split_feature=2 3 2 3 0 0 0
split_gain=2.73143 7.42941 3.41783 3.25791 2.86017 8.60068 4.14396
threshold=0.63845000000000018 0.5807000000000001 0.67970000000000008 0.57695000000000018 0.59840000000000015 0.57940000000000014 0.55295000000000005
decision_type=2 2 2 2 2 2 2
left_child=1 3 4 -1 5 6 -2
right_child=2 -3 -4 -5 -6 -7 -8
leaf_value=0.00040960173333641606 -0.0085594900517544561 0.10291909369932782 0.0097188974988772873 -0.075454889192861307 -0.08350090332184662 0.090999958259621108 -0.092166445038481648
leaf_weight=1355.8954553157091 12.425175920128828 7.0630701929330817 23.286663830280304 5.6843285858631125 10.430775016546248 5.4341978132724753 11.337808161973951
leaf_count=5449 50 29 96 23 42 22 46
internal_value=-0.000312997 0.000623531 -0.0206862 9.28824e-05 -0.0385532 -0.0224956 -0.0484501
internal_weight=1431.56 1368.64 62.9146 1361.58 39.628 29.1972 23.763
internal_count=5757 5501 256 5472 160 118 96
is_linear=0
shrinkage=0.1


Tree=21
num_leaves=8
num_cat=0
split_feature=3 4 4 0 0 3 1
split_gain=2.26209 3.7448 3.52596 7.92176 4.04314 3.08014 6.17465
threshold=0.39955000000000007 39.500000000000007 38.500000000000007 0.47495000000000004 0.49695 0.42095000000000005 0.49855000000000005
decision_type=2 2 2 2 2 2 2
left_child=1 -1 3 -2 5 -5 -7
right_child=2 -3 -4 4 -6 6 -8
leaf_value=-0.0088646428279507312 -0.050925074837862655 -0.078292547456831979 -0.00071217902270647544 0.014592389001378415 0.018105911035003964 0.15900796545323495 0.01838529902517709
leaf_weight=93.574124068021774 14.403516560792921 8.4723230898380262 1221.2135468572378 6.7283494919538525 74.33402107656002 7.2268090993165952 5.498030886054039
leaf_count=377 58 35 4909 27 300 29 22
internal_value=-0.000280675 -0.0146288 0.000820705 0.0181233 0.0287275 0.0693144 0.098249
internal_weight=1431.45 102.046 1329.4 108.191 93.7872 19.4532 12.7248
internal_count=5757 412 5345 436 378 78 51
is_linear=0
shrinkage=0.1


Tree=22
num_leaves=8
num_cat=0
split_feature=2 3 1 3 3 1 2
split_gain=2.30825 6.14401 5.99868 5.51867 2.62609 3.21495 7.05934
threshold=0.63845000000000018 0.5807000000000001 0.59225000000000005 0.61630000000000018 0.57695000000000018 0.52665000000000017 0.59875000000000012
decision_type=2 2 2 2 2 2 2
left_child=1 4 3 -2 5 -1 -7
right_child=2 -3 -4 -5 -6 6 -8
leaf_value=-0.00203271981332018 -0.019659366234386057 0.09448784338286495 -0.12214274037964004 0.086627009164388522 -0.067572021078262143 0.0043253652431561613 0.054788525790336697
leaf_weight=1082.2666323930025 52.338878020644188 6.9358895719051352 5.1732944250106803 5.3880747109651557 5.7053813338279715 242.07143829762936 31.306537479162216
leaf_count=4346 212 29 21 23 23 976 127
internal_value=-0.000252869 0.000608188 -0.0189837 -0.00973889 0.000129884 0.000414815 0.0101043
internal_weight=1431.19 1368.29 62.9002 57.727 1361.35 1355.64 273.378
internal_count=5757 5501 256 235 5472 5449 1103
is_linear=0
shrinkage=0.1


Tree=23
num_leaves=8
num_cat=0
split_feature=2 3 1 3 3 1 3
split_gain=1.87097 5.09574 4.92301 4.49032 2.12496 2.6071 6.46272
threshold=0.63845000000000018 0.5807000000000001 0.58795000000000008 0.61630000000000018 0.57695000000000018 0.52665000000000017 0.55805000000000005
decision_type=2 2 2 2 2 2 2
left_child=1 4 3 -2 5 6 -1
right_child=2 -3 -4 -5 -6 -7 -8
leaf_value=-0.00099638607805360799 -0.017062269806061073 0.086961855800866239 -0.10411355103124649 0.079874801820184194 -0.060755631457442373 0.0091041465809905166 -0.073511089807803229
leaf_weight=1069.8417731523514 51.654354870319366 6.7902120500802985 5.8924716413021079 5.2656946480274192 5.7105344682931891 273.12586894631386 12.433146446943281
leaf_count=4296 209 29 24 23 23 1103 50
internal_value=-0.000226502 0.00054841 -0.0171022 -0.00809459 0.000117317 0.000373785 -0.00182943
internal_weight=1430.71 1367.9 62.8125 56.92 1361.11 1355.4 1082.27
internal_count=5757 5501 256 232 5472 5449 4346
is_linear=0
shrinkage=0.1


Tree=24
num_leaves=8
num_cat=0
split_feature=5 4 2 2 2 1 5
split_gain=1.85905 3.06314 3.00795 8.38876 7.67097 7.29654 8.01691
threshold=0.39955000000000007 39.500000000000007 0.36450000000000005 0.37840000000000001 0.38455000000000006 0.49485000000000001 0.44205000000000005
decision_type=2 2 2 2 2 2 2
left_child=1 -1 -2 5 -5 6 -4
right_child=2 -3 3 4 -6 -7 -8
leaf_value=-0.0080413206798313677 0.014340043918972862 -0.071260629843434412 -0.012365035341855566 0.066934511710119618 -0.00040690285621818419 0.013704022795280641 -0.13177059541159578
leaf_weight=93.523396790027618 145.94083265960217 8.3483513295650464 9.6559788435697573 17.172623261809349 1129.9409108012915 12.194638565182684 13.462135836482046
leaf_count=377 588 35 39 69 4546 49 54
internal_value=-0.000203247 -0.0132221 0.000795163 -0.000876612 0.000601218 -0.048883 -0.0818973
internal_weight=1430.24 101.872 1328.37 1182.43 1147.11 35.3128 23.1181
internal_count=5757 412 5345 4757 4615 142 93
is_linear=0
shrinkage=0.1


Tree=25
num_leaves=8
num_cat=0
split_feature=1 3 0 4 0 0 1
split_gain=2.85969 2.47442 3.99799 3.46479 4.57207 8.98719 6.14879
threshold=0.5686500000000001 0.35410000000000003 0.50045000000000006 38.500000000000007 0.52185000000000015 0.52605000000000013 0.53865000000000007
decision_type=2 2 2 2 2 2 2
left_child=1 2 -1 4 6 -6 -3
right_child=-2 3 -4 -5 5 -7 -8
leaf_value=0.00071346888074969299 0.021074094044610046 0.0072494845546513661 -0.077475151352852017 -0.003170788330814401 0.13996283289471645 0.020119324866665674 -0.082693881699036437
leaf_weight=15.66086156666279 56.392855316400528 103.29321871697903 11.228418871760367 1205.4549135565758 7.2106309086084357 47.334240481257439 8.2043606191873533
leaf_count=63 234 416 45 4846 29 191 33
internal_value=-0.00100403 -0.00189437 -0.0319365 -0.00130537 0.0122374 0.0359622 0.000631154
internal_weight=1454.78 1398.39 26.8893 1371.5 166.042 54.5449 111.498
internal_count=5857 5623 108 5515 669 220 449
is_linear=0
shrinkage=0.1


Tree=26
num_leaves=8
num_cat=0
split_feature=1 0 0 1 4 1 1
split_gain=2.51609 3.68062 6.01892 5.96796 3.47531 4.38323 3.46675
threshold=0.53515000000000013 0.5192500000000001 0.51565000000000016 0.54815000000000014 61.500000000000007 0.54185000000000005 0.55165000000000008
decision_type=2 2 2 2 2 2 2
left_child=-1 2 6 4 5 -3 -2
right_child=1 3 -4 -5 -6 -7 -8
leaf_value=-0.002797608868809085 -0.028654417800003024 0.00053143844710541353 -0.12636451863766901 0.00011209242832609356 0.080722394388111449 0.051569234070710249 0.059698297653445788
leaf_weight=1204.7060764431953 16.13690738379956 35.20653560757637 4.9388716369867316 141.80381715297699 13.376845791935919 32.233190163969994 6.1273206919431678
leaf_count=4841 65 142 20 580 54 130 25
internal_value=-0.000903619 0.00822963 -0.0264933 0.0124726 0.0341608 0.0249252 -0.00433894
internal_weight=1454.53 249.823 27.2031 222.62 80.8166 67.4397 22.2642
internal_count=5857 1016 110 906 326 272 90
is_linear=0
shrinkage=0.1


Tree=27
num_leaves=8
num_cat=0
split_feature=1 0 4 4 1 1 5
split_gain=2.29752 2.35445 2.70009 7.02771 2.81674 4.40698 1.98009
threshold=0.5686500000000001 0.61380000000000012 44.500000000000007 41.500000000000007 0.58795000000000008 0.57590000000000019 0.35410000000000003
decision_type=2 2 2 2 2 2 2
left_child=6 2 3 4 5 -2 -1
right_child=1 -3 -4 -5 -6 -7 -8
leaf_value=-0.028510533911499686 0.071433727928696553 -0.036211465946450118 0.054735464610940837 -0.080358656184482166 0.076579082384699543 -0.046279417058809516 -0.00108343236287391
leaf_weight=26.837558403611183 5.5923061072826439 6.7893940061330786 20.175364390015602 6.9819226562976828 9.3118414878845197 7.374521404504776 1371.2048168629408
leaf_count=108 23 28 84 29 39 31 5515
internal_value=-0.000812836 0.0190071 0.0265906 0.00718458 0.0346198 0.00448766 -0.00160994
internal_weight=1454.27 56.2254 49.436 29.2606 22.2787 12.9668 1398.04
internal_count=5857 234 206 122 93 54 5623
is_linear=0
shrinkage=0.1


Tree=28
num_leaves=8
num_cat=0
split_feature=0 0 5 4 2 5 1
split_gain=1.88536 5.49802 4.2738 6.63223 4.11514 5.06092 6.01672
threshold=0.47234999999999999 0.47065000000000007 0.47154999999999997 46.500000000000007 0.53180000000000016 0.50685000000000013 0.46575000000000005
decision_type=2 2 2 2 2 2 2
left_child=1 -1 3 -2 5 6 -4
right_child=2 -3 4 -5 -6 -7 -8
leaf_value=-0.0054686384597968677 0.0057500127991072739 -0.073347512025524045 -0.030275013257396899 0.053471560916978439 0.0052114002438178389 -0.021780484525742751 0.0036009990087547648
leaf_weight=152.42770759761333 286.6496484875679 12.94613468647003 62.188061907887459 32.416002720594406 389.19075843691826 184.08352141082287 334.11339031159878
leaf_count=617 1154 52 249 130 1577 739 1339
internal_value=-0.000730644 -0.0107825 0.000559327 0.0105984 -0.0027443 -0.00807917 -0.00171486
internal_weight=1454.02 165.374 1288.64 319.066 969.576 580.385 396.301
internal_count=5857 669 5188 1284 3904 2327 1588
is_linear=0
shrinkage=0.1


Tree=29
num_leaves=8
num_cat=0
split_feature=1 0 4 4 1 1 4
split_gain=1.81296 1.93888 2.20587 5.69476 2.31437 3.60364 1.81054
threshold=0.5686500000000001 0.61380000000000012 44.500000000000007 41.500000000000007 0.58795000000000008 0.57590000000000019 66.500000000000014
decision_type=2 2 2 2 2 2 2
left_child=6 2 3 4 5 -2 -1
right_child=1 -3 -4 -5 -6 -7 -8
leaf_value=-0.00069165541826454106 0.065196523169528092 -0.033086970763221021 0.049483659161888939 -0.071902860082157127 0.069730209443730304 -0.041389921169824401 -0.020620265290595609
leaf_weight=1350.581480294466 5.5337733775377327 6.7941715121269217 20.00298860669136 7.0495946854352942 9.1752521991729719 7.4323454201221466 47.180917993187904
leaf_count=5433 23 28 84 29 39 31 190
internal_value=-0.000657563 0.0169873 0.0239031 0.00637406 0.0312967 0.00409981 -0.00136434
internal_weight=1453.75 55.9881 49.194 29.191 22.1414 12.9661 1397.76
internal_count=5857 234 206 122 93 54 5623
is_linear=0
shrinkage=0.1


Tree=30
num_leaves=8
num_cat=0
split_feature=4 1 2 1 1 1 1
split_gain=4.16079 5.49277 7.22928 7.00349 4.92071 5.26883 4.38716
threshold=45.500000000000007 0.5051500000000001 0.44465000000000005 0.53745000000000009 0.51505000000000012 0.59225000000000005 0.49855000000000005
decision_type=2 2 2 2 2 2 2
left_child=4 6 3 -3 -1 -6 -2
right_child=1 2 -4 -5 5 -7 -8
leaf_value=0.0023424149290405846 0.0049467839202923412 0.076863322464159264 0.011803091842359954 -0.031701647524606399 -0.015833504716580356 0.062375802516797411 -0.032640276840716818
leaf_weight=742.84514033794403 129.43848690390587 33.617142975330353 216.6017275005579 7.2178274542093268 266.55760648846626 8.9015050977468473 40.854473099112511
leaf_count=2985 520 135 878 29 1077 38 164
internal_value=0.00158588 0.00986249 0.0190792 0.0576738 -0.00189064 -0.0133062 -0.00407062
internal_weight=1446.03 427.73 257.437 40.835 1018.3 275.459 170.293
internal_count=5826 1726 1042 164 4100 1115 684
is_linear=0
shrinkage=0.1


Tree=31
num_leaves=8
num_cat=0
split_feature=4 2 1 2 3 0 2
split_gain=3.37402 4.50859 3.98411 4.43102 5.01505 3.96817 5.30162
threshold=45.500000000000007 0.33055000000000001 0.51505000000000012 0.13560000000000003 0.39665 0.55345000000000011 0.53180000000000016
decision_type=2 2 2 2 2 2 2
left_child=2 -2 5 -4 -5 -1 -7
right_child=1 -3 3 4 -6 6 -8
leaf_value=0.00075516235473190409 -0.067848709838316215 0.010260566762150257 0.028792486743691087 -0.11093095122804315 -0.013815790321853384 -0.015334327150801642 0.079430649781086604
leaf_weight=718.26387315988541 7.5222474485635749 419.84900271892548 24.312308996915817 5.4350160658359519 245.76417727768421 9.8278862684965151 14.784488067030905
leaf_count=2885 31 1695 99 22 994 40 60
internal_value=0.00142848 0.00888575 -0.00170101 -0.0119716 -0.015917 0.00210808 0.0415904
internal_weight=1445.76 427.371 1018.39 275.512 251.199 742.876 24.6124
internal_count=5826 1726 4100 1115 1016 2985 100
is_linear=0
shrinkage=0.1


Tree=32
num_leaves=8
num_cat=0
split_feature=4 1 0 0 4 1 1
split_gain=2.73485 4.34882 6.12359 3.70267 5.49324 3.62019 7.67728
threshold=45.500000000000007 0.5051500000000001 0.50245000000000017 0.44625000000000004 42.500000000000007 0.49855000000000005 0.49995000000000006
decision_type=2 2 2 2 2 2 2
left_child=3 5 -3 4 -1 -2 -7
right_child=1 2 -4 -5 -6 6 -8
leaf_value=0.013571081872288887 0.0038078400583078211 0.058685412750801517 0.010604184010670054 -0.0025604865182105919 0.12798205178501518 -0.11065997702586705 -0.0069550967333000925
leaf_weight=23.75970229506493 129.32039602100849 29.990459948778152 226.8348344117403 989.43273498117924 5.0967803448438636 9.2156669050455076 31.671732723712921
leaf_count=97 520 121 921 3982 21 37 127
internal_value=0.00128626 0.00800347 0.0162188 -0.00153069 0.0337789 -0.0043926 -0.0303293
internal_weight=1445.32 427.033 256.825 1018.29 28.8565 170.208 40.8874
internal_count=5826 1726 1042 4100 118 684 164
is_linear=0
shrinkage=0.1


Tree=33
num_leaves=8
num_cat=0
split_feature=4 2 1 5 0 0 1
split_gain=2.21819 3.64768 3.55778 8.91278 5.13943 4.59821 4.30654
threshold=45.500000000000007 0.33055000000000001 0.48065000000000008 0.5363500000000001 0.51655000000000006 0.53325000000000011 0.47245000000000004
decision_type=2 2 2 2 2 2 2
left_child=2 -2 3 4 -1 6 -6
right_child=1 -3 -4 -5 5 -7 -8
leaf_value=0.0033047302083907128 -0.062018308425424377 0.0084462776520587458 -0.0058760020722130662 -0.12366024354427602 0.022839469994791108 -0.02201573247442808 0.086008286358013816
leaf_weight=313.86354339122772 7.4774662703275672 419.16752234101295 644.87990562617779 5.1965226083993903 24.202764585614204 10.744083821773527 19.478349789977074
leaf_count=1263 31 1695 2598 21 97 43 78
internal_value=0.00115814 0.0072113 -0.00137784 0.00638893 0.00822391 0.0365922 0.0510078
internal_weight=1445.01 426.645 1018.37 373.485 368.289 54.4252 43.6811
internal_count=5826 1726 4100 1502 1481 218 175
is_linear=0
shrinkage=0.1


Tree=34
num_leaves=8
num_cat=0
split_feature=3 2 3 0 0 1 3
split_gain=1.8762 2.01321 5.03767 6.35699 5.03204 2.65325 2.22986
threshold=0.33139999999999997 0.13560000000000003 0.35724999999999996 0.50045000000000006 0.51745000000000008 0.50035000000000007 0.37559999999999999
decision_type=2 2 2 2 2 2 2
left_child=-1 2 3 -2 -4 -5 -6
right_child=1 -3 4 5 6 -7 -8
leaf_value=-0.051732553482423685 0.032131464339873066 0.00054172090230600713 0.12274178610710872 -0.020549621821432065 0.045946184752251353 -0.11357977541509873 -0.029559677626120259
leaf_weight=6.7050312906503668 16.13428328931332 1382.8842546492815 7.1958666592836407 6.6868908703327161 13.996495068073274 5.6611446142196655 5.4281119406223288
leaf_count=27 65 5576 29 27 57 23 22
internal_value=0.00104254 0.00128862 0.0200331 -0.00919821 0.0513088 -0.0632007 0.0248464
internal_weight=1444.69 1437.99 55.1028 28.4823 26.6205 12.348 19.4246
internal_count=5826 5799 223 115 108 50 79
is_linear=0
shrinkage=0.1


Tree=35
num_leaves=8
num_cat=0
split_feature=4 2 2 0 2 0 3
split_gain=3.16659 1.91845 3.42298 3.64186 4.45897 3.62587 3.57676
threshold=63.500000000000007 0.61425000000000007 0.59875000000000012 0.56945000000000012 0.58455000000000013 0.55475000000000008 0.5565500000000001
decision_type=2 2 2 2 2 2 2
left_child=1 2 3 -1 6 -4 -5
right_child=-2 -3 5 4 -6 -7 -8
leaf_value=0.0020330393292517374 -0.022612070859136826 -0.012915868720874954 0.0035277083352606951 -0.023073404319304248 -0.089657605833036641 0.072883834327758523 0.062201688357820542
leaf_weight=1216.9142364859581 60.70948001742363 96.095497116446495 16.680441319942478 36.864436075091362 8.8649136126041395 13.752346456050871 5.6759538501501074
leaf_count=4898 246 394 68 149 36 57 23
internal_value=-0.000254928 0.000718146 0.00172694 0.0009317 -0.0251402 0.0348692 -0.0116956
internal_weight=1455.56 1394.85 1298.75 1268.32 51.4053 30.4328 42.5404
internal_count=5871 5625 5231 5106 208 125 172
is_linear=0
shrinkage=0.1


Tree=36
num_leaves=8
num_cat=0
split_feature=3 0 3 2 2 1 2
split_gain=2.21699 4.10788 4.8853 3.43339 6.50123 5.06636 6.2521
threshold=0.49755000000000005 0.49465000000000003 0.50065000000000015 0.53180000000000016 0.53735000000000011 0.48565000000000008 0.48825000000000002
decision_type=2 2 2 2 2 2 2
left_child=-1 2 -2 5 -5 -3 -7
right_child=1 3 -4 4 -6 6 -8
leaf_value=0.0034647836430063564 -0.11741164951622814 0.017535653369978511 -0.020416289443047204 0.052334418913604956 0.00016749422940145022 0.00879243260797994 -0.027982347779388406
leaf_weight=767.87136629223824 6.2331165373325339 50.919574767351151 31.107880264520645 25.648142695426941 348.38487096130848 64.935834154486656 160.48598554730415
leaf_count=3093 25 204 125 103 1416 261 644
internal_value=-0.000228588 -0.00435244 -0.0366072 -0.00250054 0.00374468 -0.0109536 -0.0173889
internal_weight=1455.59 687.715 37.341 650.374 374.033 276.341 225.422
internal_count=5871 2778 150 2628 1519 1109 905
is_linear=0
shrinkage=0.1


Tree=37
num_leaves=8
num_cat=0
split_feature=4 1 3 1 2 2 3
split_gain=2.52347 5.96307 2.93563 1.99049 1.54012 2.79433 2.60989
threshold=63.500000000000007 0.5101500000000001 0.47365000000000002 0.55725000000000013 0.61425000000000007 0.59875000000000012 0.58225000000000005
decision_type=2 2 2 2 2 2 2
left_child=4 2 -2 -3 5 -1 -6
right_child=1 3 -4 -5 6 -7 -8
leaf_value=0.0008512325564489408 -0.0044015120489617155 0.016526396779983646 -0.080857744773687054 -0.04370546386260938 -0.027442154262305264 0.031600827018280174 0.0055270431257230706
leaf_weight=1268.3119946718216 7.0927112251520184 29.739908561110497 17.201500102877617 6.7278438210487357 49.804235011339188 30.25787054002285 46.362075358629227
leaf_count=5106 29 120 69 28 202 125 192
internal_value=-0.000205656 -0.0201548 -0.0585363 0.00541437 0.000663431 0.00156773 -0.0115476
internal_weight=1455.5 60.762 24.2942 36.4678 1394.74 1298.57 96.1663
internal_count=5871 246 98 148 5625 5231 394
is_linear=0
shrinkage=0.1


Tree=38
num_leaves=8
num_cat=0
split_feature=3 0 1 3 0 3 3
split_gain=1.74353 3.29365 5.04482 5.02701 3.24447 6.31701 5.60285
threshold=0.49755000000000005 0.5183500000000002 0.47685000000000005 0.49945000000000001 0.53325000000000011 0.52495000000000014 0.53465000000000007
decision_type=2 2 2 2 2 2 2
left_child=-1 3 -3 -2 -4 -6 -7
right_child=1 2 4 -5 5 6 -8
leaf_value=0.0030899783352004249 -0.078179375250084004 0.056712624078174428 0.012270655440037725 -0.011338277465304492 -0.028403632443586714 0.031861308170960959 -0.0051485899326091499
leaf_weight=767.86722759902477 12.185279458761213 15.209261834621428 125.18448475003242 146.88079559803009 96.610869660973549 49.219389006495476 242.1370806992054
leaf_count=3093 49 61 503 590 388 198 989
internal_value=-0.000185005 -0.00384321 -4.52668e-05 -0.0164586 -0.00172751 -0.00624426 0.00110356
internal_weight=1455.29 687.427 528.361 159.066 513.152 387.967 291.356
internal_count=5871 2778 2139 639 2078 1575 1187
is_linear=0
shrinkage=0.1


Tree=39
num_leaves=8
num_cat=0
split_feature=4 0 2 3 0 4 4
split_gain=2.1883 2.73251 4.39492 2.90756 3.49644 2.35728 3.35119
threshold=59.500000000000007 0.47614999999999996 0.39755000000000001 0.46245000000000008 0.46275000000000005 61.500000000000007 63.500000000000007
decision_type=2 2 2 2 2 2 2
left_child=-1 3 -3 4 -2 -4 -7
right_child=1 2 5 -5 -6 6 -8
leaf_value=0.0015791825204179565 -0.024192324644226243 0.085755667078487419 -0.020391965948595395 0.009535217242754775 -0.11446459177306766 0.014436956109149267 -0.018227844657407379
leaf_weight=1210.0841800123453 10.095670402050024 5.1909127384424201 84.277949765324593 8.2103708833456022 7.4618170112371436 76.816793546080589 53.131891891360283
leaf_count=4879 41 21 341 33 30 311 215
internal_value=-0.000166321 -0.00878105 -0.00516332 -0.0395867 -0.0625574 -0.00736637 0.00108136
internal_weight=1455.27 245.185 219.418 25.7679 17.5575 214.227 129.949
internal_count=5871 992 888 104 71 867 526
is_linear=0
shrinkage=0.1


Tree=40
num_leaves=8
num_cat=0
split_feature=0 2 2 3 3 0 0
split_gain=3.57814 4.47154 7.90943 6.50328 5.81599 4.2516 4.97399
threshold=0.45465000000000005 0.36230000000000001 0.37840000000000001 0.46175000000000005 0.45255000000000006 0.50045000000000006 0.49375000000000002
decision_type=2 2 2 2 2 2 2
left_child=-1 4 3 -3 5 6 -2
right_child=1 2 -4 -5 -6 -7 -8
leaf_value=-0.021892429545202395 0.015444118940762815 -0.067006234774376144 0.00019893331723090004 0.054490713749920407 0.090770263809963114 -0.004894854049583619 0.075799671561286155
leaf_weight=70.895219594240189 87.620792075991631 29.045828059315681 1144.1044676452875 5.1932566165924063 9.6134164929389936 89.48495751619339 16.174946248531342
leaf_count=288 353 117 4613 21 39 363 65
internal_value=1.80029e-05 0.00114261 -0.00121838 -0.048578 0.0148544 0.0110785 0.0248496
internal_weight=1452.13 1381.24 1178.34 34.2391 202.894 193.281 103.796
internal_count=5859 5571 4751 138 820 781 418
is_linear=0
shrinkage=0.1


Tree=41
num_leaves=8
num_cat=0
split_feature=4 1 1 1 1 3 3
split_gain=3.09762 3.58576 4.20482 3.33496 3.52793 4.70667 3.27192
threshold=66.500000000000014 0.46245000000000008 0.46425000000000005 0.51705000000000012 0.55465000000000009 0.5414500000000001 0.49574999999999997
decision_type=2 2 2 2 2 2 2
left_child=1 -1 -3 -2 5 -5 -4
right_child=3 2 6 4 -6 -7 -8
leaf_value=-0.011970830626144366 -0.051787378357876258 0.051986089622357096 0.0079053174813947039 -0.023530484913026277 -0.067294064032209916 0.073237982940373828 -0.0025960008402345965
leaf_weight=187.81677354872227 23.57312835752964 17.188094571232796 543.40265500545502 11.197400644421583 6.0125685781240454 9.1200773417949659 653.52354852855206
leaf_count=757 95 69 2190 45 25 37 2641
internal_value=1.61843e-05 0.000887663 0.0028768 -0.0244663 -5.863e-06 0.0199068 0.00217158
internal_weight=1451.83 1401.93 1214.11 49.9032 26.33 20.3175 1196.93
internal_count=5859 5657 4900 202 107 82 4831
is_linear=0
shrinkage=0.1


Tree=42
num_leaves=8
num_cat=0
split_feature=0 0 2 3 1 1 3
split_gain=2.82778 3.9337 5.62663 6.04291 4.31919 5.07622 3.75679
threshold=0.45465000000000005 0.44625000000000004 0.34654999999999997 0.44485000000000002 0.47545000000000004 0.45395000000000002 0.44825000000000004
decision_type=2 2 2 2 2 2 2
left_child=1 2 4 -4 5 -1 -3
right_child=-2 6 3 -5 -6 -7 -8
leaf_value=-0.051341228210864745 0.0010137127674139394 -0.063995628203184649 0.11371585373910918 -0.017168536105917585 -0.10006398492015681 0.049446337579736294 0.024536055381637903
leaf_weight=10.650253176689153 1380.8394333273172 24.450410813093189 7.4562731385231 6.6948109716176987 6.1126858890056601 9.4146446883678419 5.9618681371211997
leaf_count=44 5571 99 30 27 25 39 24
internal_value=1.47117e-05 -0.0194855 0.000992328 0.0517951 -0.0264706 -0.00405072 -0.0466403
internal_weight=1451.58 70.7409 40.3287 14.1511 26.1776 20.0649 30.4123
internal_count=5859 288 165 57 108 83 123
is_linear=0
shrinkage=0.1


Tree=43
num_leaves=8
num_cat=0
split_feature=4 1 3 3 1 1 1
split_gain=2.52133 2.79103 3.43316 6.3569 4.1398 4.94743 3.14139
threshold=66.500000000000014 0.46245000000000008 0.49574999999999997 0.49465000000000003 0.53585000000000005 0.5313500000000001 0.54535000000000011
decision_type=2 2 2 2 2 2 2
left_child=1 -1 3 -3 5 -4 -6
right_child=-2 2 4 -5 6 -7 -8
leaf_value=-0.010556513329825075 -0.022098487833657032 0.0067585391660011755 -0.0046154203120656071 0.081266896260126564 0.030502792980363826 -0.046446435833771171 0.0018681549958869262
leaf_weight=187.51506692171097 49.802713647484779 545.95357547700405 443.41000770032406 11.696109205484388 54.674185305833817 30.199339717626572 128.02288891375065
leaf_count=757 202 2201 1783 47 222 122 525
internal_value=1.23973e-05 0.00079813 0.00255204 0.00832127 -0.00234996 -0.00728274 0.0104374
internal_weight=1451.27 1401.47 1213.96 557.65 656.306 473.609 182.697
internal_count=5859 5657 4900 2248 2652 1905 747
is_linear=0
shrinkage=0.1


Tree=44
num_leaves=8
num_cat=0
split_feature=2 2 1 4 4 1 1
split_gain=2.15596 7.35625 3.77247 3.10481 3.5669 8.74998 4.58076
threshold=0.57510000000000006 0.56925000000000014 0.48155000000000003 59.500000000000007 60.500000000000007 0.49925000000000003 0.48065000000000008
decision_type=2 2 2 2 2 2 2
left_child=1 3 -2 -1 5 -5 -6
right_child=2 -3 -4 4 6 -7 -8
leaf_value=0.0015368731019334339 -0.055019141424652765 -0.058176268849779889 0.012433003787039751 0.0093547824515223758 -0.053734468398909489 -0.093636574641452752 0.0009080767391287111
leaf_weight=1052.2495166659355 8.660402297973631 22.522985741496086 194.67024032771587 16.384500995278358 17.542390927672386 16.613398909568787 122.2985427826643
leaf_count=4238 35 91 798 66 71 67 493
internal_value=1.15757e-05 -0.00154459 0.00956003 -0.000503432 -0.0129249 -0.0424981 -0.00594657
internal_weight=1450.94 1247.61 203.331 1225.09 172.839 32.9979 139.841
internal_count=5859 5026 833 4935 697 133 564
is_linear=0
shrinkage=0.1


Tree=45
num_leaves=8
num_cat=0
split_feature=4 1 1 0 0 1 4
split_gain=2.44918 3.69969 2.73525 3.86505 2.60849 5.36455 2.98212
threshold=41.500000000000007 0.43345000000000006 0.47455000000000008 0.47614999999999996 0.56755000000000011 0.53925000000000012 33.500000000000007
decision_type=2 2 2 2 2 2 2
left_child=1 -1 -3 -4 6 -6 -5
right_child=-2 2 3 4 5 -7 -8
leaf_value=-0.051124863530269717 0.0053695738342577452 0.0083712249101583116 -0.041853279404921569 0.04476205112163021 0.07699382709688575 -0.002703006864453399 -0.0078025917466274675
leaf_weight=15.563456684350966 778.06569813191891 187.05893111228943 28.227655455470085 11.123386010527609 11.869437932968138 29.283191457390785 363.23776450753212
leaf_count=64 3142 754 114 45 48 120 1464
internal_value=0.0015902 -0.00295926 -0.00177089 -0.00604629 -0.00361377 0.0202835 -0.00624074
internal_weight=1424.43 646.364 630.8 443.741 415.514 41.1526 374.361
internal_count=5751 2609 2545 1791 1677 168 1509
is_linear=0
shrinkage=0.1


Tree=46
num_leaves=8
num_cat=0
split_feature=4 3 1 3 1 1 2
split_gain=2.26247 2.78221 3.17834 4.1239 2.46855 4.97503 3.20645
threshold=61.500000000000007 0.59935000000000005 0.58505000000000007 0.60655000000000003 0.48065000000000008 0.47245000000000004 0.43025000000000008
decision_type=2 2 2 2 2 2 2
left_child=1 -1 3 -3 5 -2 -6
right_child=4 2 -4 -5 6 -7 -8
leaf_value=0.00067458912097106884 0.037494995974948216 -0.076904937705291693 -0.1058647351562949 0.040660043286121821 0.079142295204317148 -0.099871905022320767 0.013432608917163741
leaf_weight=1270.2999727576971 5.1532180011272413 5.3903429955244082 5.1181481182575217 6.6827144473791122 7.9249814748764029 5.3985731601715088 117.99073562026024
leaf_count=5125 21 22 21 29 32 22 479
internal_value=0.00143154 0.000133806 -0.0398259 -0.01183 0.0136749 -0.0327855 0.0175683
internal_weight=1423.96 1287.49 17.1912 12.0731 136.468 10.5518 125.916
internal_count=5751 5197 72 51 554 43 511
is_linear=0
shrinkage=0.1


Tree=47
num_leaves=8
num_cat=0
split_feature=4 1 1 0 0 1 1
split_gain=1.86873 3.03415 2.19746 3.52335 5.45961 3.1478 8.11605
threshold=41.500000000000007 0.43345000000000006 0.47455000000000008 0.52805000000000013 0.52695000000000014 0.49625000000000002 0.48864999999999997
decision_type=2 2 2 2 2 2 2
left_child=1 -1 -3 4 5 6 -4
right_child=-2 2 3 -5 -6 -7 -8
leaf_value=-0.046495222656194851 0.0045911117539519548 0.0074734705850518545 -0.01811593783522002 0.004341027242535842 -0.11002271082285522 -0.022811159049318307 0.037413782285348522
leaf_weight=15.431415632367132 777.62882903218269 187.13655996322632 79.580706179141998 201.02130919694901 5.7291478216648093 117.85541741549969 39.327727064490318
leaf_count=64 3142 754 320 815 23 475 158
internal_value=0.00128878 -0.00268592 -0.00161395 -0.00544829 -0.0135634 -0.0112293 0.000249939
internal_weight=1423.71 646.082 630.651 443.514 242.493 236.764 118.908
internal_count=5751 2609 2545 1791 976 953 478
is_linear=0
shrinkage=0.1


Tree=48
num_leaves=8
num_cat=0
split_feature=2 2 2 2 2 2 2
split_gain=1.76702 4.44738 3.99589 3.61589 4.90212 3.48216 5.62301
threshold=0.61425000000000007 0.61985000000000012 0.52135000000000009 0.52740000000000009 0.52855000000000008 0.48425000000000007 0.47225
decision_type=2 2 2 2 2 2 2
left_child=2 -2 5 -4 -5 6 -1
right_child=1 -3 3 4 -6 -7 -8
leaf_value=-0.00078015016645316751 -0.074823975959685082 -0.004638177170281069 0.045144853622148394 -0.081280381641738009 0.010204456853476219 -0.012403514767413359 0.027537169149627061
leaf_weight=699.95959135890007 10.00415153801441 92.554613381624222 29.376188710331917 5.9755430221557608 295.59780505299568 211.89371760189533 77.930993348360062
leaf_count=2826 41 380 118 24 1198 851 313
internal_value=0.00115982 -0.0114845 0.00214169 0.0116541 0.00839173 -0.00103891 0.00205675
internal_weight=1423.29 102.559 1320.73 330.95 301.573 989.784 777.891
internal_count=5751 421 5330 1340 1222 3990 3139
is_linear=0
shrinkage=0.1


Tree=49
num_leaves=8
num_cat=0
split_feature=4 3 0 1 3 3 1
split_gain=1.67842 2.22906 3.29159 3.51535 3.41701 3.02316 2.58745
threshold=61.500000000000007 0.59935000000000005 0.58500000000000008 0.54475000000000007 0.5807000000000001 0.56445000000000012 0.58505000000000007
decision_type=2 2 2 2 2 2 2
left_child=1 2 -1 -4 5 -5 -3
right_child=-2 6 3 4 -6 -7 -8
leaf_value=-0.00040723948740586843 0.011600768745444075 -0.010601063927476444 0.10950818515719672 0.033209078236617319 0.058065794923778037 -0.056343169355079298 -0.095577955926925168
leaf_weight=1237.7735818624496 136.19615277647972 12.038205429911615 4.9574000537395504 7.2049625664949435 11.8592422157526 7.9064236134290695 5.101744830608367
leaf_count=4994 554 51 20 29 50 32 21
internal_value=0.00104422 -7.30572e-05 0.000410505 0.0321125 0.0178866 -0.0136455 -0.0358946
internal_weight=1423.04 1286.84 1269.7 31.928 26.9706 15.1114 17.14
internal_count=5751 5197 5125 131 111 61 72
is_linear=0
shrinkage=0.1


Tree=50
num_leaves=8
num_cat=0
split_feature=1 1 3 3 2 3 2
split_gain=2.50678 2.85374 2.6272 2.59417 5.73906 4.32233 3.46371
threshold=0.47495000000000004 0.47545000000000004 0.33139999999999997 0.50265000000000015 0.55220000000000014 0.49995000000000006 0.5303000000000001
decision_type=2 2 2 2 2 2 2
left_child=3 -2 -3 5 6 -1 -5
right_child=1 2 -4 4 -6 -7 -8
leaf_value=0.0065320146733961583 -0.074325750287033393 -0.092098415288198551 -0.0016766406378510006 0.041559064400411835 -0.029644566864119433 -0.085187558807936548 0.13796483580758329
leaf_weight=302.83461102843285 5.4735281318426123 3.2226870954036704 1099.7859514504671 12.963207498192792 8.6554096192121488 5.2266750931739798 5.2305069416761389
leaf_count=1223 22 13 4448 52 35 21 21
internal_value=-7.56753e-06 -0.00229825 -0.00194083 0.00757412 0.0373859 0.00497587 0.0692747
internal_weight=1443.39 1108.48 1103.01 334.91 26.8491 308.061 18.1937
internal_count=5835 4483 4461 1352 108 1244 73
is_linear=0
shrinkage=0.1


Tree=51
num_leaves=8
num_cat=0
split_feature=1 2 1 1 0 0 0
split_gain=2.35251 2.41276 2.47104 6.33652 4.04989 9.75694 4.67585
threshold=0.60200000000000009 0.050600000000000013 0.45585000000000003 0.45485000000000003 0.48815000000000003 0.49195000000000005 0.48485
decision_type=2 2 2 2 2 2 2
left_child=1 -1 3 4 6 -6 -3
right_child=-2 2 -4 -5 5 -7 -8
leaf_value=-0.055634127824650062 0.058090370940644488 0.012275522803830912 -0.0013192721807152707 0.1115327477688155 -0.11838361339513462 0.0087361996047397531 0.096008766916136468
leaf_weight=7.8334650695323935 6.9363258332014075 87.209502056241035 1295.0866622030735 6.2186700403690329 7.9691196531057349 24.91548290848732 7.2212802320718756
leaf_count=32 30 355 5232 25 32 100 29
internal_value=-6.76103e-06 -0.000287299 1.61803e-05 0.0129681 0.00815378 -0.0220695 0.0186787
internal_weight=1443.39 1436.45 1428.62 133.534 127.315 32.8846 94.4308
internal_count=5835 5805 5773 541 516 132 384
is_linear=0
shrinkage=0.1


Tree=52
num_leaves=8
num_cat=0
split_feature=0 0 3 2 3 3 3
split_gain=1.67168 11.5982 3.65341 6.11583 3.55545 3.42689 2.94539
threshold=0.50805000000000011 0.50605000000000011 0.50645000000000007 0.46925000000000006 0.46425000000000005 0.54955000000000009 0.47825000000000006
decision_type=2 2 2 2 2 2 2
left_child=1 5 3 4 -3 -1 -2
right_child=6 2 -4 -5 -6 -7 -8
leaf_value=0.00017761139556941782 -0.017568201681921983 0.12429812646200594 0.0015680491156962345 0.17558526022208501 0.021525666829184026 0.075328417425839497 -0.0005063063974072153
leaf_weight=577.63736824691296 117.87955476343632 4.9643363058567109 6.4790101051330558 5.7323180288076392 10.456655681133268 6.1322443187236777 714.14017225801945
leaf_count=2332 477 20 26 23 42 25 2890
internal_value=-6.3489e-06 0.00396358 0.0672696 0.0873932 0.0546102 0.000967038 -0.00292362
internal_weight=1443.42 611.402 27.6323 21.1533 15.421 583.77 832.02
internal_count=5835 2468 111 85 62 2357 3367
is_linear=0
shrinkage=0.1


Tree=53
num_leaves=8
num_cat=0
split_feature=1 2 1 1 0 1 0
split_gain=1.95231 1.94925 2.01538 5.62275 3.08461 4.35235 3.6773
threshold=0.60200000000000009 0.050600000000000013 0.47795000000000004 0.47745000000000004 0.51705000000000012 0.47495000000000004 0.52055000000000018
decision_type=2 2 2 2 2 2 2
left_child=1 -1 3 4 5 -3 -6
right_child=-2 2 -4 -5 6 -7 -8
leaf_value=-0.05007783369247977 0.053101301174581866 0.0050109618765761654 -0.0022088527796388759 0.10692982020449725 0.084883049790562479 -0.03833054813674789 0.013791135587405162
leaf_weight=7.8114143013954154 6.8892991542816153 300.63399934768677 1058.4600237011909 5.477299138903617 9.676690995693205 25.104178756475449 29.327011272311211
leaf_count=32 30 1214 4279 22 39 101 118
internal_value=-5.26216e-06 -0.000259957 1.24259e-05 0.00636308 0.00485288 0.00167069 0.0314288
internal_weight=1443.38 1436.49 1428.68 370.219 364.742 325.738 39.0037
internal_count=5835 5805 5773 1494 1472 1315 157
is_linear=0
shrinkage=0.1


Tree=54
num_leaves=8
num_cat=0
split_feature=1 2 1 1 3 2 2
split_gain=1.61572 5.31749 5.90285 3.36347 4.12965 3.25375 6.21304
threshold=0.45585000000000003 0.47105000000000002 0.45065000000000005 0.46115000000000006 0.48005000000000003 0.41965000000000002 0.42595000000000005
decision_type=2 2 2 2 2 2 2
left_child=1 5 -3 4 -2 -1 -7
right_child=3 2 -4 -5 -6 6 -8
leaf_value=0.017184500715816474 -0.0064137240051586582 0.01529509024816407 0.14095333135632288 -0.00012615283555299079 -0.070883071311843071 -0.10245294584901182 -0.0017826110141977093
leaf_weight=69.512598380446434 29.54676179587841 9.3900046050548536 6.211120828986167 1264.1623694896698 14.969904303550718 7.1688712090253821 42.328129425644875
leaf_count=283 119 38 25 5111 60 29 170
internal_value=-4.42279e-06 0.0104279 0.0653222 -0.0010775 -0.0280932 0.00323178 -0.0163631
internal_weight=1443.29 134.611 15.6011 1308.68 44.5167 119.01 49.497
internal_count=5835 545 63 5290 179 482 199
is_linear=0
shrinkage=0.1


Tree=55
num_leaves=8
num_cat=0
split_feature=3 3 3 2 1 3 2
split_gain=3.24608 5.51101 4.9724 5.66302 4.2207 3.20437 6.47492
threshold=0.45025000000000004 0.45825000000000005 0.44065000000000004 0.30840000000000006 0.48105000000000003 0.45255000000000006 0.36230000000000001
decision_type=2 2 2 2 2 2 2
left_child=2 4 3 -1 -2 -6 -7
right_child=1 -3 -4 -5 5 6 -8
leaf_value=-0.012381060071932116 0.057840158204053353 0.0012515282915780289 -0.036501052403312591 0.023639868045389117 -0.059529015895971149 0.11914650992195555 -0.012657534847649849
leaf_weight=161.35862576961517 31.245694890618324 1109.6361398249865 53.935881569981575 59.828044444322586 6.2151537984609631 5.1256882101297405 13.660110145807264
leaf_count=657 126 4483 218 242 25 21 55
internal_value=0.000493849 0.00279944 -0.00927652 -0.00263788 0.0333367 0.0027128 0.0233051
internal_weight=1441.01 1165.88 275.123 221.187 56.2466 25.001 18.7858
internal_count=5827 4710 1117 899 227 101 76
is_linear=0
shrinkage=0.1


Tree=56
num_leaves=8
num_cat=0
split_feature=4 1 0 0 0 0 0
split_gain=4.38729 5.02811 3.51351 3.77618 2.813 6.93985 4.65529
threshold=41.500000000000007 0.44855000000000006 0.43824999999999997 0.42974999999999997 0.50135000000000007 0.51705000000000012 0.50805000000000011
decision_type=2 2 2 2 2 2 2
left_child=2 -2 3 -1 -4 6 -6
right_child=1 -3 4 -5 5 -7 -8
leaf_value=-0.0044172911861465681 0.059361706415811011 0.0042708120803794597 0.0033673939776667737 -0.12159287167784756 -0.0077252555886408933 -0.0018178830281471551 -0.050308247571044087
leaf_weight=5.6301666945219022 16.929716736078262 773.37758857011795 258.89212068915367 5.3768117427825928 44.947780922055244 275.69427773356438 59.867432549595833
leaf_count=24 68 3129 1045 22 181 1117 241
internal_value=0.000444798 0.00545095 -0.00563815 -0.0616565 -0.00467382 -0.0101449 -0.0320474
internal_weight=1440.72 790.307 650.409 11.007 639.402 380.509 104.815
internal_count=5827 3197 2630 46 2584 1539 422
is_linear=0
shrinkage=0.1


Tree=57
num_leaves=8
num_cat=0
split_feature=4 2 0 0 0 2 2
split_gain=3.55583 4.14386 7.77875 2.8858 3.15846 2.92235 5.75306
threshold=41.500000000000007 0.28610000000000008 0.44625000000000004 0.43824999999999997 0.42974999999999997 0.56925000000000014 0.5605500000000001
decision_type=2 2 2 2 2 2 2
left_child=3 -2 -3 4 -1 6 -5
right_child=1 2 -4 5 -6 -7 -8
leaf_value=-0.0039797585345165308 -0.066099634309559868 0.087895445519490259 0.004436401066503691 -0.00305109088853249 -0.11171012217851949 -0.021454532391888725 0.067938940721592747
leaf_weight=5.6245366781949979 8.1341033577918989 11.331897199153898 770.63373792171478 542.48390667140484 5.2725857347249985 85.158070906996727 11.661140337586401
leaf_count=24 35 46 3116 2189 22 348 47
internal_value=0.000399824 0.00490723 0.00564585 -0.00507741 -0.0561052 -0.00420763 -0.00155721
internal_weight=1440.3 790.1 781.966 650.2 10.8971 639.303 554.145
internal_count=5827 3197 3162 2630 46 2584 2236
is_linear=0
shrinkage=0.1


Tree=58
num_leaves=8
num_cat=0
split_feature=4 2 0 3 3 4 4
split_gain=2.88185 3.40845 6.34679 2.56778 4.03239 2.82795 3.94171
threshold=41.500000000000007 0.28610000000000008 0.44625000000000004 0.58585000000000009 0.58225000000000005 46.500000000000007 61.500000000000007
decision_type=2 2 2 2 2 2 2
left_child=-1 -2 -3 4 -4 -5 -7
right_child=1 2 3 5 -6 6 -8
leaf_value=-0.0045717492584513974 -0.060503318092555353 0.079602924799401301 0.0044377437650234075 -0.082826542771979803 0.096677161691415978 0.024578294632429686 -0.080507541603350052
leaf_weight=650.02625219523907 8.0047676265239698 11.264483347535132 741.73858082294464 6.7984153479337719 4.7699458152055731 12.035792440176012 5.0742624104022971
leaf_count=2630 35 46 2996 28 21 50 21
internal_value=0.000359529 0.00441869 0.00508352 0.00399395 0.00502712 -0.0282656 -0.0065866
internal_weight=1439.71 789.686 781.681 770.417 746.509 23.9085 17.1101
internal_count=5827 3197 3162 3116 3017 99 71
is_linear=0
shrinkage=0.1


Tree=59
num_leaves=8
num_cat=0
split_feature=4 1 2 5 1 5 4
split_gain=2.33593 3.8213 3.19005 4.15624 4.97481 6.36158 4.51709
threshold=41.500000000000007 0.44855000000000006 0.28610000000000008 0.43824999999999997 0.46705000000000008 0.49385000000000007 42.500000000000007
decision_type=2 2 2 2 2 2 2
left_child=-1 -2 -3 -4 5 6 -5
right_child=1 2 3 4 -6 -7 -8
leaf_value=-0.0041150449509329504 0.051083891530359582 -0.062355462141957363 0.043762646749472792 0.0053958066031464733 0.0044359667110990793 -0.1250308013507265 -0.065382477224190369
leaf_weight=649.95572510361671 16.855206459760666 7.4075817465782157 24.909016504883766 31.159287422895432 690.10877983272076 5.9806066304445258 12.688865825533865
leaf_count=2630 68 33 101 125 2795 24 51
internal_value=0.000324275 0.00398075 0.00295268 0.00358519 0.00223267 -0.0282821 -0.0150862
internal_weight=1439.07 789.109 772.254 764.847 739.938 49.8288 43.8482
internal_count=5827 3197 3129 3096 2995 200 176
is_linear=0
shrinkage=0.1


Tree=60
num_leaves=8
num_cat=0
split_feature=0 0 2 2 3 0 2
split_gain=2.50522 2.01153 1.98558 6.19465 3.54365 3.68285 6.52509
threshold=0.42100000000000004 0.61380000000000012 0.57510000000000006 0.56925000000000014 0.53575000000000006 0.55405000000000004 0.58640000000000014
decision_type=2 2 2 2 2 2 2
left_child=-1 2 3 -2 -4 -6 -7
right_child=1 -3 4 -5 5 6 -8
leaf_value=-0.068321228819420557 -0.00083368280628415043 -0.04788930178869065 0.10242574235105653 -0.058304038764438862 -0.0070010120664086174 0.082973497992247375 0.01007674116409204
leaf_weight=5.4704189151525489 1208.5303091108799 8.9089266061782819 3.9825371652841559 19.051177993416786 94.700574591755867 14.328990533947943 85.837318524718285
leaf_count=25 4879 37 16 77 386 59 357
internal_value=-0.000777256 -0.00051983 -0.000223979 -0.00172558 0.00904605 0.00713763 0.0205048
internal_weight=1440.81 1435.34 1426.43 1227.58 198.849 194.867 100.166
internal_count=5836 5811 5774 4956 818 802 416
is_linear=0
shrinkage=0.1


Tree=61
num_leaves=8
num_cat=0
split_feature=1 1 3 4 3 4 3
split_gain=1.52947 7.05373 7.90839 6.23896 4.92673 4.91987 6.44189
threshold=0.50325000000000009 0.50475000000000014 0.45904999999999996 60.500000000000007 0.48525000000000007 39.500000000000007 0.49805000000000005
decision_type=2 2 2 2 2 2 2
left_child=-1 2 -2 -4 -3 6 -6
right_child=1 4 3 -5 5 -7 -8
leaf_value=-0.003707814894627787 -0.056552812662440194 0.01673837256324686 0.10856566050836339 -0.0086819843904894604 -0.15220306288277147 -0.0017084380949928817 -0.023442033524585737
leaf_weight=777.58828102052212 5.4813739806413677 146.27164830267429 16.888910129666332 6.2061378061771384 4.6623455584049251 460.00857561826706 23.318657264113426
leaf_count=3141 22 595 68 25 19 1870 96
internal_value=-0.000699288 0.00283007 0.0514301 0.0770587 0.000640419 -0.00418484 -0.0448969
internal_weight=1440.43 662.838 28.5764 23.095 634.261 487.99 27.981
internal_count=5836 2695 115 93 2580 1985 115
is_linear=0
shrinkage=0.1


Tree=62
num_leaves=8
num_cat=0
split_feature=0 0 2 2 0 0 3
split_gain=2.06499 1.61488 1.66015 5.02955 3.00193 6.35259 4.59085
threshold=0.42100000000000004 0.61380000000000012 0.57510000000000006 0.56925000000000014 0.51395000000000013 0.52805000000000013 0.54365000000000008
decision_type=2 2 2 2 2 2 2
left_child=-1 2 3 -2 -4 -6 -7
right_child=1 -3 4 -5 5 6 -8
leaf_value=-0.062615205056795492 -0.00070070673057344131 -0.042865254234963651 0.044494836481961897 -0.052450745678660676 -0.059805185895800417 -0.080510360926613039 0.012854317343849711
leaf_weight=5.3543944060802451 1208.4251588881016 8.8986575305461866 20.595081657171249 19.077006682753563 14.277150318026541 5.4478670209646216 158.25499676167965
leaf_count=25 4879 37 84 77 58 22 654
internal_value=-0.000628944 -0.000397652 -0.000132656 -0.00150497 0.00835038 0.0041679 0.00974723
internal_weight=1440.33 1434.98 1426.08 1227.5 198.575 177.98 163.703
internal_count=5836 5811 5774 4956 818 734 676
is_linear=0
shrinkage=0.1


Tree=63
num_leaves=8
num_cat=0
split_feature=0 0 2 2 2 3 4
split_gain=1.71131 1.31101 1.34636 4.07371 3.06146 2.6852 2.64055
threshold=0.42100000000000004 0.61380000000000012 0.57510000000000006 0.56925000000000014 0.60820000000000007 0.56595000000000018 39.500000000000007
decision_type=2 2 2 2 2 2 2
left_child=-1 2 3 -2 5 6 -4
right_child=1 -3 4 -5 -6 -7 -8
leaf_value=-0.057572661523520675 -0.00063062882205094689 -0.03866074454049729 0.086362893510797456 -0.04720377847785711 -0.0036389564621259955 0.076217385275133026 0.011177392246740823
leaf_weight=5.2468214035034171 1208.4377684742212 8.8807082772254926 4.9791919440031043 19.077507093548775 109.72158788144588 8.1044548302888852 75.513188257813454
leaf_count=25 4879 37 20 77 453 34 311
internal_value=-0.000566354 -0.000357879 -0.000119313 -0.00135445 0.00752571 0.0213524 0.0158283
internal_weight=1439.96 1434.71 1425.83 1227.52 198.318 88.5968 80.4924
internal_count=5836 5811 5774 4956 818 365 331
is_linear=0
shrinkage=0.1


Tree=64
num_leaves=8
num_cat=0
split_feature=0 1 1 1 0 3 2
split_gain=1.41777 1.07921 3.9531 2.67947 7.04294 7.8563 4.27693
threshold=0.42100000000000004 0.45145000000000007 0.45065000000000005 0.45975000000000005 0.47495000000000004 0.48805000000000004 0.45235000000000009
decision_type=2 2 2 2 2 2 2
left_child=-1 2 -2 4 -3 6 -6
right_child=1 3 -4 -5 5 -7 -8
leaf_value=-0.052921139118539143 0.004923637179475103 0.020523291016421669 0.092416753700156284 -9.0300351521409311e-05 -0.04656541374983654 0.042487214160979822 -0.12892617482268187
leaf_weight=5.1428092271089545 92.822961822152138 23.958636090159416 5.4682626277208319 1275.6665129810572 19.91222752630711 7.4402873963117591 9.2266492843627912
leaf_count=25 377 97 22 5168 80 30 37
internal_value=-0.000509796 -0.000321896 0.00979117 -0.00106581 -0.021622 -0.0492264 -0.0726445
internal_weight=1439.64 1434.5 98.2912 1336.2 60.5378 36.5792 29.1389
internal_count=5836 5811 399 5412 244 147 117
is_linear=0
shrinkage=0.1


Tree=65
num_leaves=8
num_cat=0
split_feature=2 2 2 3 3 2 3
split_gain=2.16452 1.76246 4.06229 3.87524 4.33254 2.77824 11.5575
threshold=0.71575000000000011 0.48825000000000002 0.51105000000000012 0.50525000000000009 0.50425000000000009 0.47325000000000006 0.48864999999999997
decision_type=2 2 2 2 2 2 2
left_child=1 5 3 4 -3 -1 -7
right_child=-2 2 -4 -5 -6 6 -8
leaf_value=-7.240277917401806e-05 0.052210442472415498 -0.011640793152701931 -0.00071320863345184708 -0.033818690398150296 0.066306283543485042 0.13364209825590193 0.0075884686752660567
leaf_weight=737.33528214693069 7.6880970895290366 45.00797413289547 478.73527467250824 82.883764833211899 8.4733525067567808 7.9316547662019721 87.683114051818848
leaf_count=2986 33 181 1948 333 34 32 353
internal_value=-0.000709711 -0.000990678 -0.00505048 -0.0202773 0.000708808 0.00200732 0.0180452
internal_weight=1455.74 1448.05 615.1 136.365 53.4813 832.95 95.6148
internal_count=5900 5867 2496 548 215 3371 385
is_linear=0
shrinkage=0.1


Tree=66
num_leaves=8
num_cat=0
split_feature=0 1 0 1 0 0 2
split_gain=2.84141 4.94857 3.99734 6.61954 3.79381 4.01287 3.47907
threshold=0.58325000000000016 0.58505000000000007 0.57545000000000013 0.53445000000000009 0.59170000000000011 0.59635000000000005 0.56925000000000014
decision_type=2 2 2 2 2 2 2
left_child=2 4 -1 -4 -2 -6 -5
right_child=1 -3 3 6 5 -7 -8
leaf_value=-0.00073948186525340078 0.073170931711890097 -0.034979207822247081 0.053079410873413814 -0.021196546779044822 -0.054686867678208718 0.036969541898439755 -0.1008044333252472
leaf_weight=1373.3139210194349 17.735610723495483 11.925965577363966 6.144038841128352 10.148704528808596 6.5312581062316921 17.781277477741241 11.958312571048735
leaf_count=5559 73 51 25 41 27 74 50
internal_value=-0.000638406 0.0218765 -0.00150545 -0.03874 0.0380022 0.0123472 -0.0642587
internal_weight=1455.54 53.9741 1401.56 28.2511 42.0481 24.3125 22.107
internal_count=5900 225 5675 116 174 101 91
is_linear=0
shrinkage=0.1


Tree=67
num_leaves=8
num_cat=0
split_feature=2 4 1 2 3 1 3
split_gain=1.8509 1.62539 2.62502 2.79888 2.71622 3.96032 3.85395
threshold=0.71575000000000011 38.500000000000007 0.55305000000000015 0.064950000000000022 0.34935000000000005 0.47545000000000004 0.35724999999999996
decision_type=2 2 2 2 2 2 2
left_child=1 2 3 -1 5 -5 -6
right_child=-2 -3 -4 4 6 -7 -8
leaf_value=-0.037843882479327746 0.048629469481069158 -0.0021614091484993079 -0.025696264300375766 -0.0032639189071599082 -0.047676848286946946 0.11820572908889518 0.015657849748523335
leaf_weight=10.743930369615553 7.6055034548044196 1250.896641254425 21.124085202813148 4.9030832052230817 10.294719859957693 5.9306762516498566 143.98546895384789
leaf_count=44 33 5067 88 20 42 24 582
internal_value=-0.00057337 -0.000831825 0.00761145 0.0116124 0.0148305 0.0632317 0.0114317
internal_weight=1455.48 1447.88 196.982 175.858 165.114 10.8338 154.28
internal_count=5900 5867 800 712 668 44 624
is_linear=0
shrinkage=0.1


Tree=68
num_leaves=8
num_cat=0
split_feature=0 1 0 0 1 0 3
split_gain=2.33292 6.40676 2.97754 2.98064 2.92771 2.57253 4.20367
threshold=0.58500000000000008 0.54475000000000007 0.58970000000000011 0.59330000000000005 0.58795000000000008 0.57545000000000013 0.56445000000000012
decision_type=2 2 2 2 2 2 2
left_child=5 -2 -3 -4 -5 -1 -7
right_child=1 2 3 4 -6 6 -8
leaf_value=-0.00060976771893441351 0.12397720182161398 0.055563862639148198 -0.07253102062737242 0.026187812614580259 -0.047150920808277111 -0.0044647021895264493 -0.08159161994869063
leaf_weight=1373.3705502748489 5.3669225275516501 10.235722929239271 5.614476576447486 21.038307741284374 7.3432288169860831 22.159958615899086 10.37532979249954
leaf_count=5559 22 43 23 88 32 90 43
internal_value=-0.000516191 0.0207989 0.00827957 -0.00595706 0.00721269 -0.00126816 -0.0290601
internal_weight=1455.5 49.5987 44.2317 33.996 28.3815 1405.91 32.5353
internal_count=5900 208 186 143 120 5692 133
is_linear=0
shrinkage=0.1


Tree=69
num_leaves=8
num_cat=0
split_feature=0 0 3 0 1 3 1
split_gain=1.9309 3.44241 2.78148 2.65242 5.25489 2.64393 2.57196
threshold=0.58325000000000016 0.59170000000000011 0.57905000000000006 0.57545000000000013 0.53385000000000016 0.55285000000000006 0.58195000000000008
decision_type=2 2 2 2 2 2 2
left_child=3 2 -2 6 -5 -6 -1
right_child=1 -3 -4 4 5 -7 -8
leaf_value=-0.00091778381621599153 0.024431598445655851 -0.001094202641592885 0.10391410707268921 0.055264923731780817 -0.014705219627023036 -0.083129089897242284 0.0502025497410582
leaf_weight=1363.4710859805346 12.896850928664209 33.910683497786522 6.6850357800722113 5.6188966333866146 10.177346765995027 12.686999797821043 9.9134157001972181
leaf_count=5516 53 143 29 23 41 52 43
internal_value=-0.000463685 0.018183 0.051566 -0.00117521 -0.0313795 -0.0526724 -0.000548785
internal_weight=1455.36 53.4926 19.5819 1401.87 28.4832 22.8643 1373.38
internal_count=5900 225 82 5675 116 93 5559
is_linear=0
shrinkage=0.1


Tree=70
num_leaves=8
num_cat=0
split_feature=1 0 0 0 2 1 1
split_gain=1.42168 5.46311 2.29142 4.49408 2.13249 1.49425 4.49263
threshold=0.43905000000000005 0.45160000000000006 0.48425000000000007 0.47295000000000004 0.37355000000000005 0.51505000000000012 0.51945000000000008
decision_type=2 2 2 2 2 2 2
left_child=1 4 3 -3 -1 -2 -7
right_child=5 2 -4 -5 -6 6 -8
leaf_value=0.083453484358260777 0.001652582428008162 -0.034114459708415118 0.00084345791914156661 -0.14368566328165452 -0.0025924952641440506 -0.03056654787077024 -0.0015507207034045345
leaf_weight=5.3229660391807538 918.81617322564125 13.64320987462998 7.6153555661439887 5.1585800647735587 6.2762667536735535 61.073168262839317 422.61955389380455
leaf_count=23 3709 56 31 21 26 247 1729
internal_value=-0.00123289 -0.0203142 -0.0454334 -0.0641771 0.0368946 -0.000715676 -0.00521439
internal_weight=1440.53 38.0164 26.4171 18.8018 11.5992 1402.51 483.693
internal_count=5842 157 108 77 49 5685 1976
is_linear=0
shrinkage=0.1


Tree=71
num_leaves=8
num_cat=0
split_feature=1 1 1 0 1 3 1
split_gain=1.37677 6.11946 4.79769 4.0305 4.47767 3.33864 5.61271
threshold=0.56065000000000009 0.54815000000000014 0.54185000000000005 0.52605000000000013 0.5434500000000001 0.51855000000000007 0.55465000000000009
decision_type=2 2 2 2 2 2 2
left_child=1 2 -1 -4 -5 6 -3
right_child=-2 5 3 4 -6 -7 -8
leaf_value=-0.0014936660589510414 0.011431229224130852 -0.041715971803713586 -0.032886839591367706 0.1191805341347567 0.029216285840256574 -0.04549835029958979 0.068242159579745262
leaf_weight=1246.8164291530848 82.515179812908173 11.17724768817425 7.8734445124864569 6.8025654256343833 29.628975227475166 47.770909652113914 7.939623460173606
leaf_count=5042 347 45 32 28 121 195 32
internal_value=-0.00111041 -0.00187247 -0.000344567 0.031993 0.0460146 -0.0313652 0.00395187
internal_weight=1440.52 1358.01 1291.12 44.305 36.4315 66.8878 19.1169
internal_count=5842 5495 5223 181 149 272 77
is_linear=0
shrinkage=0.1


Tree=72
num_leaves=8
num_cat=0
split_feature=2 2 3 0 0 0 0
split_gain=1.28494 6.28061 6.21529 9.61561 4.62896 9.30728 2.97802
threshold=0.5736500000000001 0.57660000000000011 0.5455000000000001 0.57835000000000014 0.51395000000000013 0.52495000000000014 0.58195000000000008
decision_type=2 2 2 2 2 2 2
left_child=2 -2 6 -4 -3 -6 -1
right_child=1 4 3 -5 5 -7 -8
leaf_value=-0.0008320368275388497 0.087306620772097027 0.048399714012506673 -0.099332275337804754 0.034768477526828323 -0.091457057055386759 0.0032821347177060794 -0.061628468719171769
leaf_weight=1197.1714001148939 9.1356289833784086 19.849485650658607 15.478907167911531 8.1689424067735654 11.037624403834341 171.3442524522543 8.1115500628948194
leaf_count=4838 37 81 63 33 45 712 33
internal_value=-0.00099862 0.00620351 -0.00223733 -0.0530083 0.00253974 -0.00245142 -0.0012412
internal_weight=1440.3 211.367 1228.93 23.6478 202.231 182.382 1205.28
internal_count=5842 875 4967 96 838 757 4871
is_linear=0
shrinkage=0.1


Tree=73
num_leaves=8
num_cat=0
split_feature=1 1 1 0 1 3 4
split_gain=1.25709 4.83401 3.92597 3.3228 3.79935 3.06167 3.02974
threshold=0.56065000000000009 0.54815000000000014 0.54185000000000005 0.52605000000000013 0.5434500000000001 0.57155000000000011 39.500000000000007
decision_type=2 2 2 2 2 2 2
left_child=1 2 -1 -4 -5 -6 -2
right_child=6 -3 3 4 5 -7 -8
leaf_value=-0.0013041233153340418 -0.022192862753554261 -0.027819526441636641 -0.029862577456479328 0.10996449956074679 0.041224494021250918 -0.043705006395055319 0.0221346072890596
leaf_weight=1246.7333851903677 20.53441309928894 66.981897562742233 7.8633410036563864 6.6793859452009192 24.404241383075718 5.1383629292249671 61.896846175193787
leaf_count=5042 87 272 32 28 100 21 260
internal_value=-0.000898326 -0.00162626 -0.000267069 0.0290608 0.0418524 0.0264527 0.0110922
internal_weight=1440.23 1357.8 1290.82 44.0853 36.222 29.5426 82.4313
internal_count=5842 5495 5223 181 149 121 347
is_linear=0
shrinkage=0.1


Tree=74
num_leaves=8
num_cat=0
split_feature=3 2 0 4 4 2 2
split_gain=1.12265 3.24098 1.72961 1.70095 2.45611 3.07847 2.21671
threshold=0.33139999999999997 0.076300000000000021 0.50045000000000006 33.500000000000007 34.500000000000007 0.21620000000000003 0.16579999999999998
decision_type=2 2 2 2 2 2 2
left_child=-1 2 -2 6 5 -5 -3
right_child=1 3 -4 4 -6 -7 -8
leaf_value=-0.045649895215410415 0.087634769274629098 0.085975495491398254 0.017871893541314354 -0.014904737623409004 -0.00082639688615425097 -0.10054930496810453 -0.0067130992198945602
leaf_weight=5.5614605098962775 5.9487735927104941 5.1269876360893232 8.8274281024932844 22.298332974314693 1381.8019380867481 5.1700593680143347 5.1943068653345108
leaf_count=23 24 21 37 90 5605 21 21
internal_value=-0.000807669 -0.000633802 0.0459578 -0.00111876 -0.001415 -0.0310246 0.0393289
internal_weight=1439.93 1434.37 14.7762 1419.59 1409.27 27.4684 10.3213
internal_count=5842 5819 61 5758 5716 111 42
is_linear=0
shrinkage=0.1


Tree=75
num_leaves=8
num_cat=0
split_feature=4 1 2 5 0 1 1
split_gain=2.24617 2.20559 1.30232 3.93495 3.75991 5.87605 6.88179
threshold=33.500000000000007 0.51335000000000008 0.43375000000000002 0.47825000000000006 0.48055000000000009 0.44745000000000007 0.48205000000000003
decision_type=2 2 2 2 2 2 2
left_child=1 -1 -2 -4 5 -5 -7
right_child=2 -3 3 4 -6 6 -8
leaf_value=0.072331131590566505 0.0044018863182166169 -0.0032492932936614575 -0.029795921370003742 -0.066083629736569768 -0.0016779373976173028 0.095779831798136317 -0.0095743394972242664
leaf_weight=8.5949340909719449 491.16405673325062 7.0101933628320685 48.160071641206741 4.9270699471235302 856.25700257718563 15.312268897891046 10.418752804398535
leaf_count=35 1996 29 194 20 3474 62 42
internal_value=0.000645345 0.0383786 0.000232488 -0.00195756 -0.000445917 0.0339635 0.0531209
internal_weight=1441.84 15.6051 1426.24 935.075 886.915 30.6581 25.731
internal_count=5852 64 5788 3792 3598 124 104
is_linear=0
shrinkage=0.1


Tree=76
num_leaves=8
num_cat=0
split_feature=0 0 3 3 0 3 0
split_gain=1.5481 4.3222 3.73762 7.81491 5.09252 3.49467 3.20063
threshold=0.50805000000000011 0.5183500000000002 0.49945000000000001 0.49615000000000004 0.51745000000000008 0.48955000000000004 0.51065000000000016
decision_type=2 2 2 2 2 2 2
left_child=-1 2 3 5 6 -2 -4
right_child=1 -3 4 -5 -6 -7 -8
leaf_value=0.0044187566970794361 -0.031770189371286929 0.0013387212165363377 0.057931903192552904 -0.1375542043321587 -0.07371852753839632 0.016809016001066154 -0.00013307512671021393
leaf_weight=607.89164860546589 72.491525694727898 670.42125599086285 11.939461976289747 6.2367474883794776 7.9157724529504767 18.609887450933456 46.330311462283134
leaf_count=2464 293 2728 48 25 32 75 187
internal_value=0.000580827 -0.00221677 -0.0167937 -0.0292603 0.00154069 -0.0218466 0.0117644
internal_weight=1441.84 833.945 163.524 97.3382 66.1855 91.1014 58.2698
internal_count=5852 3388 660 393 267 368 235
is_linear=0
shrinkage=0.1


Tree=77
num_leaves=8
num_cat=0
split_feature=4 1 5 0 0 1 2
split_gain=1.83183 1.76066 1.12344 5.19243 2.54057 3.05182 2.25753
threshold=33.500000000000007 0.51335000000000008 0.36515000000000003 0.46975000000000006 0.50045000000000006 0.47795000000000004 0.076300000000000021
decision_type=2 2 2 2 2 2 2
left_child=1 -1 3 -2 5 -5 -4
right_child=2 -3 6 4 -6 -7 -8
leaf_value=0.064874988598844857 -0.092007903308634245 -0.0026409238261893156 0.15983914745714436 -0.029053117046809403 -0.0234658253182141 0.069245407133309636 0.00051974445958423811
leaf_weight=8.6101033985614759 7.3974748849868766 7.0047318041324607 0.88996832072734733 4.9565888792276409 18.210875391960144 8.7057662159204465 1385.8822771161795
leaf_count=35 31 29 4 20 75 35 5623
internal_value=0.000522668 0.0345877 0.000149664 -0.0165296 0.000988188 0.0335835 0.000621989
internal_weight=1441.66 15.6148 1426.04 39.2707 31.8732 13.6624 1386.77
internal_count=5852 64 5788 161 130 55 5627
is_linear=0
shrinkage=0.1


Tree=78
num_leaves=8
num_cat=0
split_feature=4 0 2 0 0 3 3
split_gain=1.48442 1.36285 1.11488 4.05922 7.38708 3.46639 5.2733
threshold=33.500000000000007 0.50365000000000004 0.45605000000000007 0.48055000000000009 0.49145000000000005 0.48805000000000004 0.48105000000000003
decision_type=2 2 2 2 2 2 2
left_child=1 -1 -2 -4 -5 6 -6
right_child=2 -3 3 4 5 -7 -8
leaf_value=0.05455862045039981 0.003362103142205944 -0.0061435228119052021 0.032200799592764312 -0.049360171199821307 0.052221613840475661 -0.00031072580980328316 -0.057067472518188125
leaf_weight=9.5874713510274869 611.35474063456059 6.0216422677040091 32.753365501761436 33.94301450252533 5.4713253974914577 719.4032789170742 22.867420375347137
leaf_count=39 2481 25 133 137 22 2923 92
internal_value=0.000470356 0.0311411 0.000134583 -0.00228814 -0.00373326 -0.00166207 -0.0359672
internal_weight=1441.4 15.6091 1425.79 814.438 781.685 747.742 28.3387
internal_count=5852 64 5788 3307 3174 3037 114
is_linear=0
shrinkage=0.1


Tree=79
num_leaves=8
num_cat=0
split_feature=5 2 5 0 4 1 5
split_gain=1.46166 3.04326 5.33219 2.29784 1.88821 3.69676 1.7021
threshold=0.33139999999999997 0.076300000000000021 0.33795000000000003 0.51365000000000005 33.500000000000007 0.51335000000000008 0.35410000000000003
decision_type=2 2 2 2 2 2 2
left_child=-1 3 -3 -2 5 -4 -6
right_child=1 2 4 -5 6 -7 -8
leaf_value=-0.053264861633272903 0.085994534253353849 -0.17810971082478841 0.10343110963138287 0.0045685011830688326 -0.043204601252038705 -0.012768778201135509 0.00032474957471079771
leaf_weight=5.0531563758850089 7.2718638181686384 1.675913706421851 5.1491399705409986 6.6214363276958466 9.0409476906061155 5.8464954197406769 1400.6794222295284
leaf_count=21 30 7 21 28 37 24 5684
internal_value=0.000423306 0.000612192 0.000157264 0.0471875 0.000367553 0.0416464 4.55832e-05
internal_weight=1441.34 1436.29 1422.39 13.8933 1420.72 10.9956 1409.72
internal_count=5852 5831 5773 58 5766 45 5721
is_linear=0
shrinkage=0.1


Tree=80
num_leaves=8
num_cat=0
split_feature=5 5 1 0 5 2 1
split_gain=2.74186 4.35004 5.35429 3.42802 2.05407 5.05988 4.76258
threshold=0.36515000000000003 0.37559999999999999 0.50395000000000012 0.50045000000000006 0.45255000000000006 0.36450000000000005 0.55645000000000011
decision_type=2 2 2 2 2 2 2
left_child=3 2 -2 -1 6 -6 -3
right_child=1 4 -4 -5 5 -7 -8
leaf_value=-0.0012692356037352667 -0.0240477505169782 -0.0055757751053067918 0.09260973533969695 -0.056949984185295212 0.072985891873829159 0.0010484618565600786 -0.075573935735079881
leaf_weight=26.622003331780434 6.1415836215019253 223.7922483086586 10.947481989860533 18.911354020237923 9.8629489839076978 1129.3232298791409 10.161408111453055
leaf_count=110 25 912 45 78 41 4576 42
internal_value=-0.000248288 0.000542578 0.0506846 -0.0243951 -8.14516e-05 0.00167129 -0.00861603
internal_weight=1435.76 1390.23 17.0891 45.5334 1373.14 1139.19 233.954
internal_count=5829 5641 70 188 5571 4617 954
is_linear=0
shrinkage=0.1


Tree=81
num_leaves=8
num_cat=0
split_feature=5 2 0 0 0 4 2
split_gain=2.22753 3.74786 2.80107 2.07371 4.90082 5.09436 3.02867
threshold=0.36515000000000003 0.10440000000000001 0.50045000000000006 0.47234999999999999 0.47065000000000007 45.500000000000007 0.39284999999999998
decision_type=2 2 2 2 2 2 2
left_child=2 -2 -1 4 5 -3 -6
right_child=1 3 -4 -5 6 -7 -8
leaf_value=-0.0011424073637161152 0.08363936308983061 0.0058849517302771558 -0.05155778908559791 0.0015401514484755837 -0.1252983807346533 -0.036374331477411197 -0.023206035099737125
leaf_weight=26.619897216558456 5.3996744006872168 104.32957883179188 18.805856809020042 1229.3126234561205 5.6905635595321638 39.261282682418823 5.9378736168146133
leaf_count=110 23 427 78 4983 23 161 24
internal_value=-0.000222932 0.000489241 -0.0220139 0.000164956 -0.0107264 -0.00566978 -0.0731666
internal_weight=1435.36 1389.93 45.4258 1384.53 155.219 143.591 11.6284
internal_count=5829 5641 188 5618 635 588 47
is_linear=0
shrinkage=0.1


Tree=82
num_leaves=8
num_cat=0
split_feature=5 5 1 0 0 4 1
split_gain=1.81025 3.26388 4.15889 2.29151 1.58869 1.54496 3.72407
threshold=0.36515000000000003 0.37559999999999999 0.50395000000000012 0.50045000000000006 0.45660000000000001 34.500000000000007 0.48565000000000008
decision_type=2 2 2 2 2 2 2
left_child=3 2 -2 4 -1 6 -3
right_child=1 5 -4 -5 -6 -7 -8
leaf_value=-0.041983819031251923 -0.021593131275529004 -0.1001582740738049 0.081651070183915805 -0.046713755654221201 0.013544794689571125 0.0003672339655833256 -0.0052880897544041348
leaf_weight=6.9856771230697658 6.1264595538377788 5.1781591027975109 10.743819326162336 18.686725825071335 19.632307812571526 1347.1731134802103 20.592449396848679
leaf_count=30 25 21 45 78 80 5466 84
internal_value=-0.000200781 0.000440456 0.0441578 -0.019872 -0.00102825 -9.67283e-05 -0.0243506
internal_weight=1435.12 1389.81 16.8703 45.3047 26.618 1372.94 25.7706
internal_count=5829 5641 70 188 110 5571 105
is_linear=0
shrinkage=0.1


Tree=83
num_leaves=8
num_cat=0
split_feature=0 0 4 2 2 1 1
split_gain=1.70711 3.53625 4.86053 3.06949 4.35096 2.92173 3.92554
threshold=0.47234999999999999 0.47145000000000004 45.500000000000007 0.49665000000000004 0.46845000000000009 0.43595000000000006 0.43724999999999997
decision_type=2 2 2 2 2 2 2
left_child=1 2 3 4 -1 -2 -7
right_child=5 -3 -4 -5 -6 6 -8
leaf_value=0.0028501422355052021 -0.055078678340181812 -0.08562027606024486 -0.036620698671388237 -0.064568140074111949 0.098662732660050448 0.13431962523863644 0.0012469081182126288
leaf_weight=108.80327561497688 9.1997927874326688 5.9154523909091941 41.007075086236 6.3215697705745688 4.9554396122694007 2.2206895947456351 1256.3053830116987
leaf_count=447 38 24 168 26 20 9 5097
internal_value=-0.000180712 -0.00968451 -0.006896 0.00325491 0.00702383 0.00107126 0.00148172
internal_weight=1434.73 167.003 161.087 120.08 113.759 1267.73 1258.53
internal_count=5829 685 661 493 467 5144 5106
is_linear=0
shrinkage=0.1


Tree=84
num_leaves=8
num_cat=0
split_feature=3 3 1 0 2 4 0
split_gain=1.50411 2.66765 3.4133 1.86701 1.39835 1.69228 1.66031
threshold=0.36515000000000003 0.37559999999999999 0.50395000000000012 0.50045000000000006 0.12200000000000001 34.500000000000007 0.48485
decision_type=2 2 2 2 2 2 2
left_child=3 2 -2 4 5 -1 -7
right_child=1 -3 -4 -5 -6 6 -8
leaf_value=-0.016615600052275515 -0.019366105590898061 -6.2792795497363326e-05 0.074493964156384845 -0.042461651696227509 -0.040433254670693822 0.083314592909151761 0.00095195235060867864
leaf_weight=10.025452181696895 6.1103950440883663 1372.7138774991035 10.588287502527235 18.56353172659874 6.7512156665325156 4.8598499149084091 4.9308093786239624
leaf_count=41 25 5571 45 78 29 20 20
internal_value=-0.000163096 0.000420489 0.0401486 -0.0181295 -0.00112778 0.0122633 0.0418348
internal_weight=1434.54 1389.41 16.6987 45.1309 26.5673 19.8161 9.79066
internal_count=5829 5641 70 188 110 81 40
is_linear=0
shrinkage=0.1


Tree=85
num_leaves=8
num_cat=0
split_feature=1 1 2 0 0 3 3
split_gain=3.2854 5.28519 6.51148 4.87469 4.2543 3.56155 6.31608
threshold=0.52195000000000014 0.52525000000000011 0.49385000000000007 0.5384500000000001 0.56845000000000012 0.57565000000000011 0.5565500000000001
decision_type=2 2 2 2 2 2 2
left_child=4 2 -2 -4 5 6 -1
right_child=1 -3 3 -5 -6 -7 -8
leaf_value=0.0035102810665882029 0.01049529002228817 -0.0033254326391054185 -0.14372965997847717 -0.04483093538635903 0.071086416181702888 0.069489980397115556 -0.056307414272439828
leaf_weight=1035.9305615276098 14.286687195301054 349.48578211665154 7.1872568726539638 16.256800338625908 9.2558791637420637 7.9943912625312796 17.957769975066185
leaf_count=4191 58 1437 29 66 38 33 73
internal_value=0.000730049 -0.00716415 -0.0427208 -0.0751504 0.0035838 0.00299542 0.00249102
internal_weight=1458.36 387.217 37.7307 23.4441 1071.14 1061.88 1053.89
internal_count=5925 1590 153 95 4335 4297 4264
is_linear=0
shrinkage=0.1


Tree=86
num_leaves=8
num_cat=0
split_feature=1 1 2 1 3 3 3
split_gain=2.66152 4.28629 5.76382 4.14022 2.89187 4.91136 2.88383
threshold=0.52195000000000014 0.52525000000000011 0.41965000000000002 0.52165000000000006 0.57565000000000011 0.56335000000000013 0.45255000000000006
decision_type=2 2 2 2 2 2 2
left_child=3 2 -2 4 5 6 -1
right_child=1 -3 -4 -5 -6 -7 -8
leaf_value=-0.0063847986167258775 0.062847114955428315 -0.0029920884631769425 -0.053566438791657345 0.092359929946688069 0.062855328405647365 -0.068991967677617394 0.0059257980743169167
leaf_weight=249.83376102149487 4.8863024413585654 349.57435776293278 32.818941652774811 5.185988560318946 7.9563522636890402 9.5648666322231275 798.38484051823616
leaf_count=1022 20 1437 133 21 33 39 3220
internal_value=0.00065714 -0.00644718 -0.0384802 0.00322628 0.00279255 0.00234077 0.00299167
internal_weight=1458.21 387.28 37.7052 1070.93 1065.74 1057.78 1048.22
internal_count=5925 1590 153 4335 4314 4281 4242
is_linear=0
shrinkage=0.1


Tree=87
num_leaves=8
num_cat=0
split_feature=1 0 1 2 0 0 0
split_gain=2.15617 3.48434 3.47846 4.76041 4.06022 2.8791 2.60759
threshold=0.52195000000000014 0.56845000000000012 0.52525000000000011 0.49385000000000007 0.5384500000000001 0.53115000000000012 0.48974999999999996
decision_type=2 2 2 2 2 2 2
left_child=1 -1 3 5 -5 -2 -4
right_child=2 -3 6 4 -6 -7 -8
leaf_value=0.0023750366035288216 -0.023051645389092171 0.064355094211427544 0.051758270284326904 -0.12553755071334458 -0.034931570734896215 0.070368141331974166 -0.004061868133731752
leaf_weight=1061.4317528605461 9.095926880836485 9.1483811289072019 8.5792040079832059 7.1040148735046413 16.279567137360573 5.1763825416564933 341.07332381606102
leaf_count=4297 37 38 35 29 66 21 1402
internal_value=0.000591553 0.00290467 -0.00580226 -0.0346802 -0.062458 0.0108305 -0.00269224
internal_weight=1457.89 1070.58 387.308 37.6559 23.3836 14.2723 349.653
internal_count=5925 4335 1590 153 95 58 1437
is_linear=0
shrinkage=0.1


Tree=88
num_leaves=8
num_cat=0
split_feature=1 1 1 3 3 3 3
split_gain=1.74762 3.34711 2.83467 4.26071 2.36486 4.06316 2.31383
threshold=0.52195000000000014 0.52165000000000006 0.52525000000000011 0.48750000000000004 0.57565000000000011 0.56335000000000013 0.45255000000000006
decision_type=2 2 2 2 2 2 2
left_child=1 4 3 -2 5 6 -1
right_child=2 -3 -4 -5 -6 -7 -8
leaf_value=-0.0059905997373432924 0.046949341706997764 0.083145318747682675 -0.0024222480749537083 -0.045850265504951637 0.056719058422319606 -0.063303957134824881 0.0050378146079212687
leaf_weight=249.77637620270252 5.8640868961811057 5.136416181921958 349.77600088715553 31.654603019356728 7.9049115628004065 9.4946105480194074 798.15726339817047
leaf_count=1022 24 21 1437 129 33 39 3220
internal_value=0.000532143 0.00261478 -0.00522419 -0.0313459 0.00222651 0.00181914 0.00240918
internal_weight=1457.76 1070.47 387.295 37.5187 1065.33 1057.43 1047.93
internal_count=5925 4335 1590 153 4314 4281 4242
is_linear=0
shrinkage=0.1


Tree=89
num_leaves=8
num_cat=0
split_feature=4 3 3 3 2 2 3
split_gain=1.37962 3.50712 5.29267 2.06423 1.99547 1.93507 1.86074
threshold=34.500000000000007 0.34935000000000005 0.35410000000000003 0.40705000000000008 0.050600000000000013 0.19765000000000002 0.50525000000000009
decision_type=2 2 2 2 2 2 2
left_child=3 -2 -3 5 -4 -1 -6
right_child=1 2 4 -5 6 -7 -8
leaf_value=-0.017331322281229484 0.054043498195952257 -0.13128600992992018 -0.17982979737591176 -0.064903699594897779 0.0041075399345100383 0.039066104310245847 -0.0032839812406442481
leaf_weight=34.577711775898933 12.380744844675062 3.0369140803813925 0.61084188520908256 7.336182937026023 797.65582010149956 7.3828221261501303 594.3552650809288
leaf_count=143 52 13 3 30 3232 30 2422
internal_value=0.00047902 0.00105473 0.00058467 -0.0159646 0.000872242 -0.00740837 0.000951538
internal_weight=1457.34 1408.04 1395.66 49.2967 1392.62 41.9605 1392.01
internal_count=5925 5722 5670 203 5657 173 5654
is_linear=0
shrinkage=0.1


Tree=90
num_leaves=8
num_cat=0
split_feature=1 2 2 1 1 2 1
split_gain=1.98321 3.77875 3.18821 3.76201 4.6685 2.83168 3.01432
threshold=0.53515000000000013 0.61185000000000012 0.67970000000000008 0.50075000000000014 0.51245000000000007 0.59665000000000012 0.51665000000000016
decision_type=2 2 2 2 2 2 2
left_child=1 5 3 -3 -5 -1 -7
right_child=-2 2 -4 4 -6 6 -8
leaf_value=-0.0010709089195408232 0.0082673096080617455 -0.10157302757402381 0.021510678401073013 0.035552470330770088 -0.053940880496247894 0.0028832671187589607 0.078292089396959627
leaf_weight=1131.6029659807682 251.91100220382214 8.5425277650356275 9.4851085096597654 8.5622225403785723 18.260483339428902 12.262670412659647 9.3369644433259946
leaf_count=4582 1039 35 40 35 75 50 39
internal_value=0.000202013 -0.00149385 -0.0299716 -0.0437794 -0.0253732 -0.000386295 0.0354806
internal_weight=1449.96 1198.05 44.8503 35.3652 26.8227 1153.2 21.5996
internal_count=5895 4856 185 145 110 4671 89
is_linear=0
shrinkage=0.1


Tree=91
num_leaves=8
num_cat=0
split_feature=2 0 4 4 0 5 5
split_gain=1.661 3.46202 3.34374 5.54798 8.33763 3.4684 5.58401
threshold=0.5142500000000001 0.46395000000000003 42.500000000000007 44.500000000000007 0.50985000000000003 0.43585000000000002 0.47935000000000005
decision_type=2 2 2 2 2 2 2
left_child=2 -2 -1 4 5 -4 -7
right_child=1 -3 3 -5 -6 6 -8
leaf_value=0.0016960784078491572 -0.089888347169081034 0.0057953988584112893 0.032161635482040755 -0.0055841963047126644 -0.1177143803649548 -0.095153797713326702 0.011543446074409993
leaf_weight=677.30066750943661 3.8119727224111548 471.50564651191235 9.6210205554962176 256.20096243917942 11.440268486738203 9.6884668022394198 9.9346567094326002
leaf_count=2747 16 1928 40 1039 46 39 40
internal_value=0.0001818 0.00502803 -0.00218274 -0.0110317 -0.0453361 -0.0170217 -0.0411359
internal_weight=1449.5 475.318 974.186 296.885 40.6844 29.2441 19.6231
internal_count=5895 1944 3951 1204 165 119 79
is_linear=0
shrinkage=0.1


Tree=92
num_leaves=8
num_cat=0
split_feature=1 3 3 0 3 1 0
split_gain=1.51604 3.43024 3.78176 2.68947 4.20644 5.56618 4.56116
threshold=0.53515000000000013 0.55025000000000013 0.54735000000000011 0.54585000000000006 0.49105000000000004 0.53795000000000004 0.52145000000000008
decision_type=2 2 2 2 2 2 2
left_child=1 2 -1 4 5 -2 -7
right_child=3 -3 -4 -5 -6 6 -8
leaf_value=-0.00066159844524537768 0.075859060063560288 -0.023217503313456241 0.051420716627053012 -0.00014491732746141521 0.039540344510119882 -0.063352663351852787 0.020429704958050854
leaf_weight=1116.1413560807705 6.6178537458181372 67.498980566859245 14.117969155311583 166.94762948155403 51.695672959089279 14.854143679142 11.550609499216078
leaf_count=4518 27 280 58 693 210 61 48
internal_value=0.000163639 -0.00131883 -1.10429e-05 0.00721918 0.021731 -0.00614881 -0.0267025
internal_weight=1449.42 1197.76 1130.26 251.666 84.7183 33.0226 26.4048
internal_count=5895 4856 4576 1039 346 136 109
is_linear=0
shrinkage=0.1


Tree=93
num_leaves=8
num_cat=0
split_feature=4 4 3 0 0 4 3
split_gain=1.44677 1.83833 3.2006 5.84929 5.27164 3.70693 3.03387
threshold=32.500000000000007 38.500000000000007 0.47935000000000005 0.50895000000000012 0.50725000000000009 39.500000000000007 0.48055000000000009
decision_type=2 2 2 2 2 2 2
left_child=-1 -2 3 4 -3 -5 -4
right_child=1 2 6 5 -6 -7 -8
leaf_value=-0.043825354258470839 0.0095104086413501966 -0.0063785143579088545 0.052875808210727904 -0.097000137153049934 0.086572971530719786 -0.026796056226590051 0.0015548586479912677
leaf_weight=7.4437228441238394 191.06896804273129 322.19283597171307 11.672787770628927 10.421128660440443 6.2192225456237784 27.028518840670586 873.13426104187965
leaf_count=31 786 1309 47 42 25 109 3546
internal_value=0.000147618 0.000374651 -0.00102105 -0.00888807 -0.00461827 -0.0463318 0.00223191
internal_weight=1449.18 1441.74 1250.67 365.862 328.412 37.4496 884.807
internal_count=5895 5864 5078 1485 1334 151 3593
is_linear=0
shrinkage=0.1


Tree=94
num_leaves=8
num_cat=0
split_feature=2 2 1 2 3 3 2
split_gain=1.4546 1.84137 4.19282 3.69517 4.13343 4.3672 3.27326
threshold=0.71575000000000011 0.61425000000000007 0.50075000000000014 0.59875000000000012 0.56005000000000005 0.5565500000000001 0.58640000000000014
decision_type=2 2 2 2 2 2 2
left_child=1 3 -3 4 5 -1 -7
right_child=-2 2 -4 -5 -6 6 -8
leaf_value=-8.4854003578006965e-06 0.042231406394769931 -0.077090919519744214 -0.0065970585341718346 0.032344617983126496 -0.056038812685631018 0.11252079141793084 0.0017574085215075587
leaf_weight=1288.3673656880856 8.1611709743738157 9.3919106125831586 83.010618582367897 36.206960663199425 13.049798861145971 6.0615782141685468 4.7656097263097763
leaf_count=5224 36 39 345 152 54 25 20
internal_value=0.000132712 -0.00010574 -0.0137621 0.000830064 -3.94735e-05 0.000523014 0.0637681
internal_weight=1449.02 1440.85 92.4025 1348.45 1312.24 1299.19 10.8272
internal_count=5895 5859 384 5475 5323 5269 45
is_linear=0
shrinkage=0.1


Tree=95
num_leaves=8
num_cat=0
split_feature=3 3 1 1 1 3 3
split_gain=2.58565 4.29304 3.08025 6.51449 3.56939 3.49996 3.27218
threshold=0.45255000000000006 0.45575000000000004 0.50325000000000009 0.53865000000000007 0.48974999999999996 0.35410000000000003 0.44575000000000004
decision_type=2 2 2 2 2 2 2
left_child=2 -2 4 6 -1 -6 -4
right_child=1 -3 3 -5 5 -7 -8
leaf_value=-0.0083981073282366325 0.042676518901473975 0.0015774098908972042 0.035023906900429246 -0.032190944479114102 -0.11463715667140112 -0.029636494208560682 -0.039172799495611456
leaf_weight=166.08744612336159 26.001315698027611 1128.245820119977 52.19657227396965 27.75114081799984 5.6897338628768912 32.595631405711174 6.7076837271451941
leaf_count=681 106 4580 214 116 24 133 27
internal_value=0.000379367 0.00250323 -0.00804411 0.00775524 -0.0147431 -0.0422688 0.0265748
internal_weight=1445.28 1154.25 291.028 86.6554 204.373 38.2854 58.9043
internal_count=5881 4686 1195 357 838 157 241
is_linear=0
shrinkage=0.1


Tree=96
num_leaves=8
num_cat=0
split_feature=3 3 0 3 0 3 3
split_gain=2.09647 3.48538 2.51944 6.27561 5.71823 3.51862 3.76623
threshold=0.45255000000000006 0.45575000000000004 0.47835000000000005 0.49255000000000004 0.47375 0.46015 0.46425000000000005
decision_type=2 2 2 2 2 2 2
left_child=-1 -2 3 5 -5 -3 -7
right_child=1 2 -4 4 -6 6 -8
leaf_value=-0.0072471228601991332 0.038486270945721303 -0.04919634337761282 0.00024885315836158778 0.029772828931094387 0.16884075708854235 0.085227926982934771 0.0047672327600060856
leaf_weight=290.80549372732639 25.951573699712753 9.6255989223718625 1062.9240919053555 7.5033694058656675 4.8794505149126053 6.9270621687173835 36.320234924554825
leaf_count=1195 106 39 4315 31 20 28 147
internal_value=0.000341203 0.00225323 0.00141976 0.0204921 0.0845725 0.00548451 0.0176549
internal_weight=1444.94 1154.13 1128.18 65.2557 12.3828 52.8729 43.2473
internal_count=5881 4686 4580 265 51 214 175
is_linear=0
shrinkage=0.1


Tree=97
num_leaves=8
num_cat=0
split_feature=3 2 2 0 3 0 1
split_gain=1.69898 3.35472 3.48757 2.94019 2.95231 3.18815 4.77116
threshold=0.45255000000000006 0.36450000000000005 0.36724999999999997 0.48595000000000005 0.45355000000000006 0.48305000000000003 0.44240000000000002
decision_type=2 2 2 2 2 2 2
left_child=-1 -2 -3 4 -4 6 -6
right_child=1 2 3 -5 5 -7 -8
leaf_value=-0.0065248058012394756 0.063141759663138106 -0.14084240239983856 0.089924233889057209 -6.1784825912593934e-05 -0.052949050486560761 0.046699887905432093 0.013253512961774256
leaf_weight=290.70431220531464 8.9130084216594678 1.7174246907234181 5.1662639230489722 1011.7280730754137 12.359507292509077 22.750536412000656 91.320598900318146
leaf_count=1195 38 7 21 4107 51 92 370
internal_value=0.000307694 0.00202894 0.00155323 0.00176713 0.015828 0.0128002 0.00536163
internal_weight=1444.66 1153.96 1145.04 1143.32 131.597 126.431 103.68
internal_count=5881 4686 4648 4641 534 513 421
is_linear=0
shrinkage=0.1


Tree=98
num_leaves=8
num_cat=0
split_feature=3 2 2 2 0 0 3
split_gain=1.37678 2.76602 2.94852 2.4321 2.27538 2.53124 2.75382
threshold=0.45255000000000006 0.36450000000000005 0.37140000000000006 0.37355000000000005 0.48595000000000005 0.48485 0.45355000000000006
decision_type=2 2 2 2 2 2 2
left_child=-1 -2 -3 -4 5 6 -5
right_child=1 2 3 4 -6 -7 -8
leaf_value=-0.0058743960217025803 0.057745829845674647 -0.080033258878926011 0.10616825239753117 0.081715934519930838 -0.00010325280864900062 0.062583812494310428 0.0067719635819748604
leaf_weight=290.60716699063778 8.7785030603408796 4.4293156117200843 2.224764183163642 5.119105100631713 1007.0298961699009 9.8756946921348554 116.14842461049557
leaf_count=1195 38 18 9 21 4088 40 472
internal_value=0.000277267 0.00182694 0.00139816 0.00171444 0.00151027 0.0139003 0.0099356
internal_weight=1444.21 1153.61 1144.83 1140.4 1138.17 131.143 121.268
internal_count=5881 4686 4648 4630 4621 533 493
is_linear=0
shrinkage=0.1


Tree=99
num_leaves=8
num_cat=0
split_feature=3 0 0 0 4 4 0
split_gain=1.19596 1.08018 1.5859 5.17482 2.95666 3.05212 1.33989
threshold=0.33139999999999997 0.61380000000000012 0.59635000000000005 0.59170000000000011 61.500000000000007 45.500000000000007 0.58195000000000008
decision_type=2 2 2 2 2 2 2
left_child=-1 2 3 6 5 -4 -2
right_child=1 -3 4 -5 -6 -7 -8
leaf_value=-0.047919014345438278 0.00025175192901495208 -0.038911562948659884 0.020761656729453334 -0.082706803229216044 -0.035267132711525075 0.12070928320186668 0.023607628810019668
leaf_weight=5.136066108942031 1380.1405857950449 6.9481174349784842 9.4140817224979418 7.4840797930955878 5.1826131492853156 4.5233715176582328 25.007774516940117
leaf_count=22 5613 29 39 31 22 20 105
internal_value=0.000250066 0.000422027 0.000612908 0.000225708 0.02922 0.0531995 0.000667422
internal_weight=1443.84 1438.7 1431.75 1412.63 19.1201 13.9375 1405.15
internal_count=5881 5859 5830 5749 81 59 5718
is_linear=0
shrinkage=0.1


Tree=100
num_leaves=8
num_cat=0
split_feature=2 2 2 0 2 2 3
split_gain=2.31528 5.45116 4.67003 6.71501 3.13408 5.42052 3.99676
threshold=0.36230000000000001 0.34355000000000008 0.37840000000000001 0.45160000000000006 0.38455000000000006 0.38794999999999996 0.44934999999999997
decision_type=2 2 2 2 2 2 2
left_child=1 -1 3 -2 6 -6 -4
right_child=2 -3 4 -5 5 -7 -8
leaf_value=0.0040141220365774062 0.073599574468297999 0.048703349916501333 -0.03077058855060967 -0.052187497255612329 -0.069169895802599274 0.00032878427869244514 0.071359635648178349
leaf_weight=201.29038697481155 4.8847795128822318 31.576812893152237 5.436329901218417 32.352440074086189 11.336561396718023 1114.8833783268929 12.982260242104529
leaf_count=832 20 129 22 132 46 4528 53
internal_value=0.00096029 0.010074 -0.000835399 -0.0356867 0.00029838 -0.000370791 0.0412154
internal_weight=1414.74 232.867 1181.88 37.2372 1144.64 1126.22 18.4186
internal_count=5762 961 4801 152 4649 4574 75
is_linear=0
shrinkage=0.1


Tree=101
num_leaves=8
num_cat=0
split_feature=1 5 2 0 1 1 2
split_gain=2.02386 3.30829 3.61338 3.21923 3.25757 5.9824 3.34836
threshold=0.51505000000000012 0.53155000000000008 0.55220000000000014 0.56265000000000009 0.50935000000000008 0.50475000000000014 0.56925000000000014
decision_type=2 2 2 2 2 2 2
left_child=1 2 -1 4 5 6 -3
right_child=-2 3 -4 -5 -6 -7 -8
leaf_value=0.0025996523830554871 -0.0045113242882728818 0.077206155564904302 -0.043436257937672668 0.086486259464174542 0.055595399708202813 -0.05904800986209241 0.0088581861422939584
leaf_weight=843.7530691921711 468.40135867893696 8.695906922221182 17.401462689042091 7.1676073968410483 16.690839752554893 11.553945705294607 40.786995634436607
leaf_count=3420 1924 35 70 30 68 47 168
internal_value=0.000864485 0.00352612 0.0016694 0.0223602 0.0164468 0.00574143 0.0208694
internal_weight=1414.45 946.05 861.155 84.8953 77.7277 61.0368 49.4829
internal_count=5762 3838 3490 348 318 250 203
is_linear=0
shrinkage=0.1


Tree=102
num_leaves=8
num_cat=0
split_feature=2 2 3 0 0 3 4
split_gain=1.88547 4.41134 4.05684 5.42599 5.44325 5.07884 3.89906
threshold=0.36230000000000001 0.34355000000000008 0.45025000000000004 0.47375 0.46735000000000004 0.43695000000000001 41.500000000000007
decision_type=2 2 2 2 2 2 2
left_child=1 -1 3 4 5 -2 -7
right_child=2 -3 -4 -5 -6 6 -8
leaf_value=0.0035598905098830078 0.057838751134884327 0.043807253099461346 0.00033624106003156114 -0.082780929430747829 0.079893228595865118 -0.098157513207330557 -0.011080857504735215
leaf_weight=201.35780829191208 5.5807580351829555 31.49222294986248 1135.5737810581923 13.669506847858427 5.8258489519357672 9.2157431840896624 11.63383376598358
leaf_count=832 23 129 4613 56 24 38 47
internal_value=0.000778714 0.00900322 -0.000842172 -0.02998 -0.00760404 -0.0268904 -0.0495697
internal_weight=1414.35 232.85 1181.5 45.9257 32.2562 26.4303 20.8496
internal_count=5762 961 4801 188 132 108 85
is_linear=0
shrinkage=0.1


Tree=103
num_leaves=8
num_cat=0
split_feature=1 1 1 1 1 0 0
split_gain=1.69271 4.41712 4.13172 5.73699 4.87633 4.4992 8.39535
threshold=0.49364999999999998 0.49165000000000009 0.50245000000000017 0.50475000000000014 0.5051500000000001 0.51295000000000013 0.50455000000000017
decision_type=2 2 2 2 2 2 2
left_child=1 -1 5 -4 -5 6 -2
right_child=2 -3 3 4 -6 -7 -8
leaf_value=0.0026861348194214306 -0.01405712744325445 0.04106772125919024 0.036719630795813696 -0.10333202547686303 -0.00070679999133649708 -0.00019063447885763013 -0.091913636704467422
leaf_weight=576.71909461915493 47.97496572136879 31.628674075007439 41.967922985553741 4.6647196263074866 622.74741351604462 68.823143735527992 19.471135750412941
leaf_count=2342 195 128 170 19 2550 279 79
internal_value=0.000699976 0.00468164 -0.00230659 0.000924548 -0.0014698 -0.0181785 -0.0365337
internal_weight=1414 608.348 805.649 669.38 627.412 136.269 67.4461
internal_count=5762 2470 3292 2739 2569 553 274
is_linear=0
shrinkage=0.1


Tree=104
num_leaves=8
num_cat=0
split_feature=2 3 0 0 2 3 0
split_gain=1.55526 4.49449 2.42657 4.8158 2.90935 4.15335 3.19697
threshold=0.45235000000000009 0.48750000000000004 0.52885000000000015 0.52775000000000016 0.53305000000000013 0.52135000000000009 0.49565000000000003
decision_type=2 2 2 2 2 2 2
left_child=-1 -2 3 4 6 -6 -3
right_child=1 2 -4 -5 5 -7 -8
leaf_value=0.0045056859904124393 -0.030302153503161258 -0.027982179987226897 -0.0052066677658313626 0.066207862524401681 0.068756367661378909 0.009736015507127509 0.0031509289617354811
leaf_weight=597.73097105324268 53.230624169111252 40.042860001325607 430.28846457600594 12.84287269413471 14.054445952177046 78.630345106124878 187.08408297598362
leaf_count=2440 215 162 1761 52 57 321 754
internal_value=0.000630167 -0.0022081 -0.000247972 0.0061661 0.00375496 0.0186857 -0.00233789
internal_weight=1413.9 816.174 762.943 332.655 319.812 92.6848 227.127
internal_count=5762 3322 3107 1346 1294 378 916
is_linear=0
shrinkage=0.1


Tree=105
num_leaves=8
num_cat=0
split_feature=1 1 4 4 4 1 2
split_gain=2.02613 5.88639 2.90165 3.50168 3.42303 2.37742 5.78541
threshold=0.47415000000000002 0.47355000000000008 47.500000000000007 60.500000000000007 45.500000000000007 0.48025000000000007 0.54735000000000011
decision_type=2 2 2 2 2 2 2
left_child=1 2 4 -4 -1 6 -2
right_child=5 -3 3 -5 -6 -7 -8
leaf_value=0.0044681372073129043 -0.010079635790004718 0.10209164174102288 0.086939146520773752 0.0035484874997334585 -0.068301450425504687 -0.00041558572030336177 -0.10585515949123606
leaf_weight=286.30134777724743 76.633169576525688 6.4194547086954108 9.3334070295095461 10.935111522674559 6.6134565025568 1025.6527110785246 6.8726693838834754
leaf_count=1166 311 26 38 45 27 4183 28
internal_value=0.000284828 0.00730012 0.00535714 0.0419489 0.00282514 -0.00173662 -0.0179621
internal_weight=1428.76 319.603 313.183 20.2685 292.915 1109.16 83.5058
internal_count=5824 1302 1276 83 1193 4522 339
is_linear=0
shrinkage=0.1


Tree=106
num_leaves=8
num_cat=0
split_feature=2 1 1 4 1 4 0
split_gain=1.93123 1.67273 4.76706 2.31314 3.15121 2.79181 2.29824
threshold=0.050600000000000013 0.47415000000000002 0.47355000000000008 47.500000000000007 0.46935000000000004 45.500000000000007 0.55345000000000011
decision_type=2 2 2 2 2 2 2
left_child=-1 2 3 5 -5 -2 -3
right_child=1 6 -4 4 -6 -7 -8
leaf_value=-0.0516918049837925 0.0043784256085297605 -0.0035457521068912503 0.092466658972676419 0.0096709263462667113 0.093156275192820132 -0.061218435723398759 0.0080591342142549392
leaf_weight=7.1206602603197089 285.13611531257629 892.18697154521942 6.3807418495416632 13.387515187263491 6.826784059405326 6.6392018944025031 211.01463808119297
leaf_count=31 1161 3621 26 55 28 27 875
internal_value=0.000256515 0.000516724 0.00690215 0.0051522 0.0378656 0.0028858 -0.00132603
internal_weight=1428.69 1421.57 318.37 311.99 20.2143 291.775 1103.2
internal_count=5824 5793 1297 1271 83 1188 4496
is_linear=0
shrinkage=0.1


Tree=107
num_leaves=8
num_cat=0
split_feature=2 1 1 5 2 0 2
split_gain=1.57604 1.42371 7.79883 5.05176 2.95441 2.64174 2.6919
threshold=0.050600000000000013 0.47095000000000004 0.46935000000000004 0.45904999999999996 0.52740000000000009 0.51295000000000013 0.48145000000000004
decision_type=2 2 2 2 2 2 2
left_child=-1 2 4 -4 5 -2 -7
right_child=1 -3 3 -5 -6 6 -8
leaf_value=-0.046858619935972991 0.00082859632393120274 -0.0011016413358874528 0.13881157183397108 0.031384700200523225 -0.056105649946195657 0.063371716975380368 -0.0029557309337748575
leaf_weight=7.0722074210643759 226.97424441576004 1141.4016062915325 6.6213438212871578 12.916710659861563 8.3863924592733365 14.340495616197588 10.672837316989897
leaf_count=31 925 4652 27 53 35 58 43
internal_value=0.000231365 0.000465677 0.00685675 0.0677911 0.00228434 0.00422761 0.0350707
internal_weight=1428.39 1421.31 279.912 19.5381 260.374 251.988 25.0133
internal_count=5824 5793 1141 80 1061 1026 101
is_linear=0
shrinkage=0.1


Tree=108
num_leaves=8
num_cat=0
split_feature=2 2 4 2 2 0 3
split_gain=1.28658 1.37178 2.11372 2.04862 3.45409 1.83242 1.3915
threshold=0.050600000000000013 0.076300000000000021 34.500000000000007 0.090600000000000014 0.097050000000000011 0.50085000000000013 0.33795000000000003
decision_type=2 2 2 2 2 2 2
left_child=-1 2 -2 5 -5 -3 -6
right_child=1 3 -4 4 6 -7 -8
leaf_value=-0.042490223391804388 -0.012227786603330598 0.0020664541440446353 0.074887824300741326 0.083395066170615192 -0.14804334116216897 -0.078416411064489447 0.00025613409859376963
leaf_weight=7.0220783054828635 5.1126025617122632 5.1621897369623166 6.1182285398244858 5.0070194751024237 0.63299700617790122 6.2587064504623413 1392.9220097064972
leaf_count=31 21 21 26 21 3 27 5674
internal_value=0.00020851 0.000419481 0.0352303 0.000142205 0.00048666 -0.0420385 0.000188772
internal_weight=1428.24 1421.21 11.2308 1409.98 1398.56 11.4209 1393.56
internal_count=5824 5793 47 5746 5698 48 5677
is_linear=0
shrinkage=0.1


Tree=109
num_leaves=8
num_cat=0
split_feature=2 3 2 3 3 1 4
split_gain=1.21607 4.62335 2.13023 1.98789 1.5255 2.00906 3.10941
threshold=0.63845000000000018 0.5807000000000001 0.7007000000000001 0.57695000000000018 0.58435000000000015 0.55945000000000011 59.500000000000007
decision_type=2 2 2 2 2 2 2
left_child=1 -1 3 -2 -5 -6 -7
right_child=2 -3 -4 4 5 6 -8
leaf_value=0.00037502127656259836 0.013897544306620924 0.080496414349654738 0.021388536864775261 -0.07254138702387404 0.0043337743573841408 -0.0077235209728641792 -0.10121248179730057
leaf_weight=1360.7036044150591 10.76156425476074 7.2404264211654654 13.421155720949171 8.3514106869697553 13.244337573647501 7.9338351488113386 6.4497212618589401
leaf_count=5538 45 34 59 34 54 33 27
internal_value=0.000187132 0.000799098 -0.0137275 -0.0238107 -0.0350895 -0.0237684 -0.0496448
internal_weight=1428.11 1367.94 60.162 46.7409 35.9793 27.6279 14.3836
internal_count=5824 5572 252 193 148 114 60
is_linear=0
shrinkage=0.1


Tree=110
num_leaves=8
num_cat=0
split_feature=0 0 4 3 0 4 3
split_gain=1.5839 3.19362 1.56143 2.6786 3.22334 2.35838 2.59044
threshold=0.44075000000000003 0.43824999999999997 38.500000000000007 0.40435000000000004 0.47614999999999996 34.500000000000007 0.43485000000000001
decision_type=2 2 2 2 2 2 2
left_child=1 -1 3 -2 -5 -6 -7
right_child=2 -3 -4 4 5 6 -8
leaf_value=0.0069141817528075066 -0.0040938849288324535 0.09492522837595789 -0.0021535691790396639 -0.026218345602420558 -0.02454654799621514 0.0577040974248412 0.018562269921963619
leaf_weight=21.466270074248317 97.627090841531754 5.1030904501676551 1214.6639932543039 13.270151421427725 8.0291123986244184 26.285964667797089 47.391843348741531
leaf_count=94 403 21 4941 54 33 106 197
internal_value=-0.000370477 0.0238182 -0.000827161 0.00753787 0.0194942 0.0269184 0.0325269
internal_weight=1433.84 26.5694 1407.27 192.604 94.9771 81.7069 73.6778
internal_count=5849 115 5734 793 390 336 303
is_linear=0
shrinkage=0.1


Tree=111
num_leaves=8
num_cat=0
split_feature=3 0 0 0 1 1 1
split_gain=1.39292 3.3792 4.94201 3.71813 4.30432 5.7441 3.52852
threshold=0.57015000000000005 0.54895000000000016 0.55995000000000017 0.59840000000000015 0.58795000000000008 0.5716500000000001 0.57590000000000019
decision_type=2 2 2 2 2 2 2
left_child=-1 -2 -3 6 5 -5 -4
right_child=1 2 3 4 -6 -7 -8
leaf_value=-0.0011364590257916193 0.052599682213482574 -0.069850462884575484 0.014277689239297606 -0.044203213042470976 -0.085749294191138054 0.084959188983493111 0.085255274600239878
leaf_weight=1344.5132211893797 16.51483516395092 8.357983782887457 34.295072808861732 8.2713726609945315 7.118440017104148 5.8984143882989875 8.8016106188297254
leaf_count=5472 69 35 143 35 31 25 39
internal_value=-0.000333371 0.0117638 0.00249277 0.0118838 -0.022308 0.00956283 0.0287734
internal_weight=1433.77 89.2577 72.7429 64.3849 21.2882 14.1698 43.0967
internal_count=5849 377 308 273 91 60 182
is_linear=0
shrinkage=0.1


Tree=112
num_leaves=8
num_cat=0
split_feature=5 2 2 2 0 2 4
split_gain=1.30086 1.56136 6.00464 4.09398 2.91611 2.84429 2.22574
threshold=0.33139999999999997 0.38455000000000006 0.38265000000000005 0.38620000000000004 0.44075000000000003 0.33940000000000009 39.500000000000007
decision_type=2 2 2 2 2 2 2
left_child=-1 2 4 -3 5 -2 -6
right_child=1 3 -4 -5 6 -7 -8
leaf_value=-0.053505459973513726 0.019680918890057048 -0.083147454514530997 0.11369758849562805 -0.0013659390447501366 0.0075163102747775089 0.10452673051330311 -0.012480066329824692
leaf_weight=4.5805272758007041 17.182459488511089 6.1545428186655036 5.1220805794000617 1129.2683522701263 186.69369062781334 5.1308766156435004 79.310601055622101
leaf_count=20 76 25 21 4594 766 21 326
internal_value=-0.000299304 -0.00012874 0.00637369 -0.00180923 0.00446704 0.0391909 0.00155428
internal_weight=1433.44 1428.86 293.44 1135.42 288.318 22.3133 266.004
internal_count=5849 5829 1210 4619 1189 97 1092
is_linear=0
shrinkage=0.1


Tree=113
num_leaves=8
num_cat=0
split_feature=4 4 1 1 1 1 4
split_gain=1.24636 4.52138 5.75955 5.12995 3.9025 3.89929 3.76826
threshold=59.500000000000007 60.500000000000007 0.51045000000000007 0.48025000000000007 0.53585000000000005 0.47195000000000004 48.500000000000007
decision_type=2 2 2 2 2 2 2
left_child=6 2 -2 5 -4 -3 -1
right_child=1 3 4 -5 -6 -7 -8
leaf_value=-2.9265164873278074e-05 -0.0055522143743508565 -0.010626118559533477 -0.13500856551742499 0.0041069940847707678 -0.037025656484239132 -0.10528599229944915 0.030101796354480688
leaf_weight=1148.2362273186445 22.898644924163818 9.883883088827135 7.7044265717268017 185.22099943459034 8.6045734137296659 7.7746374905109397 43.062686443328857
leaf_count=4680 93 41 31 759 35 32 178
internal_value=-0.000269374 -0.00681068 -0.037898 -0.000802872 -0.0833131 -0.0523027 0.0010599
internal_weight=1433.39 242.087 39.2076 202.88 16.309 17.6585 1191.3
internal_count=5849 991 159 832 66 73 4858
is_linear=0
shrinkage=0.1


Tree=114
num_leaves=8
num_cat=0
split_feature=3 0 0 0 1 1 1
split_gain=1.16156 2.71007 3.96619 3.03462 3.55239 4.65876 2.92677
threshold=0.57015000000000005 0.54895000000000016 0.55995000000000017 0.59840000000000015 0.58795000000000008 0.5716500000000001 0.57590000000000019
decision_type=2 2 2 2 2 2 2
left_child=-1 -2 -3 6 5 -5 -4
right_child=1 2 3 4 -6 -7 -8
leaf_value=-0.00097478141954407144 0.047453142151593734 -0.062168558050337677 0.013179474154078129 -0.039158070416378012 -0.077948337770618659 0.077388722095044979 0.078412169931843065
leaf_weight=1344.2655176520348 16.461986109614372 8.3849430829286558 34.237728893756866 8.3133727908134478 7.0528467446565619 5.8386079668998709 8.6069804579019529
leaf_count=5472 69 35 143 35 31 25 39
internal_value=-0.000242677 0.010828 0.00250428 0.0109708 -0.0199696 0.00892502 0.0262839
internal_weight=1433.16 88.8965 72.4345 64.0495 21.2048 14.152 42.8447
internal_count=5849 377 308 273 91 60 182
is_linear=0
shrinkage=0.1


Tree=115
num_leaves=8
num_cat=0
split_feature=2 0 3 0 1 1 1
split_gain=2.33789 3.08443 3.65575 2.40849 2.33489 3.27348 2.96581
threshold=0.68830000000000024 0.58325000000000016 0.55285000000000006 0.60350000000000015 0.53515000000000013 0.53175000000000017 0.53695000000000015
decision_type=2 2 2 2 2 2 2
left_child=1 4 -3 -4 5 -1 -6
right_child=-2 2 3 -5 6 -7 -8
leaf_value=-0.00076368735204208871 0.036646455143468142 -0.088986693992393118 0.0028231564187684659 -0.053509645790765996 0.052137073686922386 -0.034385346854338 0.006589799747113931
leaf_weight=1125.0125116109848 16.885255098342896 7.7703486233949652 26.173660829663277 10.689241379499434 15.556808248162268 29.723240420222282 176.41574417054653
leaf_count=4571 74 32 112 46 64 121 727
internal_value=-0.000339668 -0.000788529 -0.0266515 -0.0135118 6.86334e-05 -0.00162912 0.0102808
internal_weight=1408.23 1391.34 44.6333 36.8629 1346.71 1154.74 191.973
internal_count=5747 5673 190 158 5483 4692 791
is_linear=0
shrinkage=0.1


Tree=116
num_leaves=8
num_cat=0
split_feature=0 1 0 0 1 3 1
split_gain=1.99618 3.5342 3.83195 4.61297 4.1773 4.9798 3.67846
threshold=0.57545000000000013 0.51945000000000008 0.50045000000000006 0.48595000000000005 0.5212500000000001 0.55735000000000012 0.58195000000000008
decision_type=2 2 2 2 2 2 2
left_child=1 -1 3 -3 -4 6 -6
right_child=-2 2 4 -5 5 -7 -8
leaf_value=-0.0023472423665621307 -0.015569330758399525 -0.010117101774513684 0.055956405389210422 0.081655589382846505 -0.0045938393762845623 0.031111257541866073 0.0703056088065631
leaf_weight=996.81508377194405 80.763082757592201 8.5985586792230624 16.236176744103432 15.087822720408438 229.26984207332134 54.395227640867233 6.7500983029603949
leaf_count=4050 341 35 66 62 935 228 30
internal_value=-0.000305429 0.000623447 0.00958769 0.0483405 0.00659434 0.00383466 -0.00245174
internal_weight=1407.92 1327.15 330.338 23.6864 306.651 290.415 236.02
internal_count=5747 5406 1356 97 1259 1193 965
is_linear=0
shrinkage=0.1


Tree=117
num_leaves=8
num_cat=0
split_feature=2 0 1 1 0 1 3
split_gain=1.86415 2.20738 4.03234 2.98898 2.24654 1.80537 4.7167
threshold=0.68830000000000024 0.57545000000000013 0.58795000000000008 0.58195000000000008 0.57635000000000014 0.55945000000000011 0.56115000000000015
decision_type=2 2 2 2 2 2 2
left_child=1 3 4 5 -3 -1 -7
right_child=-2 2 -4 -5 -6 6 -8
leaf_value=0.00047292906221678465 0.032873736521964431 -0.073580214077653291 -0.079972789815706796 0.057460924675554241 -0.0033176303550399196 -0.040462175858226201 0.056325163241748834
leaf_weight=1274.8716149479151 16.763680562376976 4.9313653260469428 9.077193617820738 9.0734800547361356 58.932429522275925 27.758240669965744 6.1506841480731955
leaf_count=5185 74 20 40 41 246 115 26
internal_value=-0.000273976 -0.000673515 -0.0176073 0.000263742 -0.00874309 -0.000132793 -0.0229061
internal_weight=1407.56 1390.8 72.941 1317.85 63.8638 1308.78 33.9089
internal_count=5747 5673 306 5367 266 5326 141
is_linear=0
shrinkage=0.1


Tree=118
num_leaves=8
num_cat=0
split_feature=2 0 3 0 1 1 4
split_gain=1.52015 1.87987 3.80004 3.26612 2.24062 1.751 3.15411
threshold=0.68830000000000024 0.58815000000000017 0.5686500000000001 0.59840000000000015 0.58505000000000007 0.53515000000000013 41.500000000000007
decision_type=2 2 2 2 2 2 2
left_child=1 5 -3 -4 -5 -1 -7
right_child=-2 2 3 4 -6 6 -8
leaf_value=-0.0015270222611672196 0.029782629228165988 -0.080869462310120321 0.042838589218102407 -0.0075321038842246129 -0.091242728476414181 -0.0072436441089602024 0.0184985719411687
leaf_weight=1156.3452197164297 16.658928349614143 8.7028418332338315 9.2791186124086398 10.797656640410422 4.5426825881004325 77.407871633768082 123.59632527828217
leaf_count=4699 74 36 41 45 21 321 510
internal_value=-0.000245915 -0.000605628 -0.0240711 -0.00399324 -0.032321 -2.95609e-05 0.0085851
internal_weight=1407.33 1390.67 33.3223 24.6195 15.3403 1357.35 201.004
internal_count=5747 5673 143 107 66 5530 831
is_linear=0
shrinkage=0.1


Tree=119
num_leaves=8
num_cat=0
split_feature=4 2 4 1 3 2 2
split_gain=1.25244 3.02717 1.94003 2.96523 4.19069 5.28364 4.79736
threshold=38.500000000000007 0.27895000000000009 41.500000000000007 0.56345000000000012 0.52035000000000009 0.5071500000000001 0.51795000000000013
decision_type=2 2 2 2 2 2 2
left_child=-1 -2 3 4 5 -3 -7
right_child=1 2 -4 -5 -6 6 -8
leaf_value=0.007247598244450603 -0.051864180360728755 -0.0056992025289567391 0.0021613815356779308 0.035095099526461074 -0.02452977940211578 0.10116440055577731 0.0095719925949790136
leaf_weight=193.60922792553902 11.777799814939497 292.24159948527813 756.76585546135902 16.76407079398632 110.69805279374123 8.8949562460184115 16.013505101203918
leaf_count=803 51 1183 3085 72 452 36 65
internal_value=-0.000221399 -0.00141339 -0.000918789 -0.00616149 -0.00777801 -0.00193098 0.0422802
internal_weight=1406.77 1213.16 1201.38 444.612 427.848 317.15 24.9085
internal_count=5747 4944 4893 1808 1736 1284 101
is_linear=0
shrinkage=0.1


Tree=120
num_leaves=8
num_cat=0
split_feature=0 3 1 3 1 1 0
split_gain=1.83025 2.06025 3.11471 4.32623 3.31671 2.90802 2.74117
threshold=0.43465000000000004 0.43485000000000001 0.45745000000000008 0.42345000000000005 0.46115000000000006 0.44085000000000002 0.44625000000000004
decision_type=2 2 2 2 2 2 2
left_child=-1 2 3 5 -4 -2 -6
right_child=1 -3 4 -5 6 -7 -8
leaf_value=-0.035705018355054817 0.0052341108972067786 -0.0026214821561020701 0.095287643675901146 0.035684291717395643 0.070202938529212028 -0.078776479168570113 0.0084726321673184168
leaf_weight=15.497132942080496 6.2546148002147737 1230.3435801118612 4.8868384808301917 8.6521427780389768 7.5745330601930609 12.074597865343092 142.99516445398331
leaf_count=69 26 5017 20 35 32 49 590
internal_value=-0.0015259 -0.00115098 0.00876596 -0.0225975 0.0142095 -0.0501089 0.011578
internal_weight=1428.28 1412.78 182.438 26.9814 155.457 18.3292 150.57
internal_count=5838 5769 752 110 642 75 622
is_linear=0
shrinkage=0.1


Tree=121
num_leaves=8
num_cat=0
split_feature=1 1 1 3 3 0 0
split_gain=1.81303 5.81309 2.39506 3.29158 2.56771 2.31584 2.88447
threshold=0.51945000000000008 0.51985000000000003 0.51905000000000012 0.5686500000000001 0.55885000000000018 0.50085000000000013 0.5192500000000001
decision_type=2 2 2 2 2 2 2
left_child=2 -2 3 4 -1 -3 -7
right_child=1 5 -4 -5 -6 6 -8
leaf_value=-0.003321066336933836 0.11218664181414451 0.033677604281490039 -0.070008133450748827 0.06023854517473879 -0.05465943009877372 -0.023778266111736432 0.0040246519948871082
leaf_weight=985.75215618312359 4.9222923964262 23.043447360396385 5.413238897919654 8.0844110846519452 9.8395405709743482 41.776082560420036 349.4499067813158
leaf_count=4004 20 95 22 35 41 172 1449
internal_value=-0.00137384 0.00415398 -0.00367019 -0.0033124 -0.00382845 0.00287035 0.00105579
internal_weight=1428.28 419.192 1009.09 1003.68 995.592 414.269 391.226
internal_count=5838 1736 4102 4080 4045 1716 1621
is_linear=0
shrinkage=0.1


Tree=122
num_leaves=8
num_cat=0
split_feature=2 2 0 0 0 1 4
split_gain=2.5224 3.76286 3.58448 2.02723 3.50279 1.63659 2.3333
threshold=0.076300000000000021 0.064950000000000022 0.49615000000000004 0.45015000000000005 0.45160000000000006 0.43090000000000006 41.500000000000007
decision_type=2 2 2 2 2 2 2
left_child=1 2 -1 5 -5 -2 -7
right_child=3 -3 -4 4 -6 6 -8
leaf_value=-0.059246452088775686 0.02865905949958017 0.10641545896657643 0.05204800686668562 0.077691149829221484 -0.0013269832604976698 -0.051554892340202253 -0.0037687405324445624
leaf_weight=4.9791052639484423 5.5681401640176764 5.3514930903911582 6.9099763333797455 5.6332336962223044 1358.4864198118448 21.762002021074295 19.262421935796738
leaf_count=21 24 22 32 23 5542 91 83
internal_value=-0.00123663 0.0367817 0.00543828 -0.00170126 -0.00100067 -0.0222129 -0.0291176
internal_weight=1427.95 17.2406 11.8891 1410.71 1364.12 46.5926 41.0244
internal_count=5838 75 53 5763 5565 198 174
is_linear=0
shrinkage=0.1


Tree=123
num_leaves=8
num_cat=0
split_feature=2 2 1 1 1 2 2
split_gain=2.04912 3.07173 2.67336 1.36761 4.26311 2.9089 3.02995
threshold=0.076300000000000021 0.064950000000000022 0.49525000000000002 0.51945000000000008 0.51985000000000003 0.082600000000000021 0.18820000000000001
decision_type=2 2 2 2 2 2 2
left_child=1 2 -1 -2 -5 -6 -7
right_child=3 -3 -4 4 5 6 -8
leaf_value=-0.042671799567294603 -0.0035382581785074942 0.096331689078817895 0.052275982160800399 0.098589435884419097 -0.20306727035574734 0.035898697938738754 0.00034077623565093371
leaf_weight=5.9198440164327639 996.68572704493999 5.3218877911567679 5.9419409036636353 4.6423410922288886 0.68909099698066612 25.563413605093956 383.07457579672337
leaf_count=26 4050 22 27 19 3 106 1585
internal_value=-0.00111348 0.0332104 0.00489053 -0.00153159 0.00329974 0.00221902 0.00256519
internal_weight=1427.84 17.1837 11.8618 1410.66 413.969 409.327 408.638
internal_count=5838 75 53 5763 1713 1694 1691
is_linear=0
shrinkage=0.1


Tree=124
num_leaves=8
num_cat=0
split_feature=2 2 0 0 0 0 2
split_gain=1.67346 2.51667 2.75059 1.61797 2.84069 1.56192 1.89384
threshold=0.076300000000000021 0.064950000000000022 0.49615000000000004 0.45015000000000005 0.45160000000000006 0.44835000000000008 0.34654999999999997
decision_type=2 2 2 2 2 2 2
left_child=1 2 -1 5 -5 6 -2
right_child=3 -3 -4 4 -6 -7 -8
leaf_value=-0.052865721793209142 -0.030108059503712859 0.087568850963067171 0.045216953126597029 0.069961408923207569 -0.0010479334763574288 -0.073380235648253495 0.013895860144392062
leaf_weight=4.8946162015199679 25.858261257410049 5.2715610265731803 6.875440239906311 5.6571554541587821 1358.4438090920448 4.8592120409011832 15.730196386575697
leaf_count=21 113 22 32 23 5542 20 65
internal_value=-0.00100207 0.030147 0.00442895 -0.0013784 -0.000753446 -0.0197325 -0.0134643
internal_weight=1427.59 17.0416 11.7701 1410.55 1364.1 46.4477 41.5885
internal_count=5838 75 53 5763 5565 198 178
is_linear=0
shrinkage=0.1


Tree=125
num_leaves=8
num_cat=0
split_feature=2 2 3 3 3 2 3
split_gain=2.68453 2.6092 5.73299 4.47201 8.10193 4.37438 3.6175
threshold=0.53305000000000013 0.55220000000000014 0.53405000000000014 0.53105000000000013 0.52655000000000007 0.54225000000000012 0.51985000000000003
decision_type=2 2 2 2 2 2 2
left_child=-1 3 -3 4 5 6 -2
right_child=1 2 -4 -5 -6 -7 -8
leaf_value=-0.0031721485244250746 0.042773758235198432 -0.039281791155593243 0.0069524364216228167 -0.0041941636424007913 0.10812593529737094 0.061878960533810361 -0.040137161620922693
leaf_weight=1051.9038484320045 8.2926469594240206 29.98300039768219 254.20617820322514 37.54475075006485 13.358118817210196 13.601435631513594 14.401269763708113
leaf_count=4281 34 121 1063 153 54 55 58
internal_value=-0.000591597 0.00671746 0.00207456 0.0218492 0.0415416 0.0170359 -0.00984045
internal_weight=1423.29 371.387 284.189 87.1982 49.6535 36.2954 22.6939
internal_count=5819 1538 1184 354 201 147 92
is_linear=0
shrinkage=0.1


Tree=126
num_leaves=8
num_cat=0
split_feature=5 5 2 2 2 0 0
split_gain=2.26225 2.94602 2.67522 4.27918 6.57747 3.91787 2.18655
threshold=0.5242500000000001 0.53045000000000009 0.55055000000000009 0.53180000000000016 0.51795000000000013 0.54795000000000005 0.52395000000000014
decision_type=2 2 2 2 2 2 2
left_child=-1 2 3 4 -2 -6 -5
right_child=1 -3 -4 6 5 -7 -8
leaf_value=-0.0029306663355334463 0.075079019333828448 0.0023901478471727898 -0.011445694410800589 0.023229408250397546 0.026160314208669433 -0.083901717434660142 0.093259316179009052
leaf_weight=1044.8342583328485 8.893109470605852 321.47045175731182 13.65303388237953 6.4366331100463894 5.7056233435869199 7.4669249504804611 14.507801115512846
leaf_count=4253 36 1337 55 26 23 30 59
internal_value=-0.000531988 0.00609589 0.0271199 0.0393621 0.00863147 -0.0362289 0.0717378
internal_weight=1422.97 378.134 56.6631 43.0101 22.0657 13.1725 20.9444
internal_count=5819 1566 229 174 89 53 85
is_linear=0
shrinkage=0.1


Tree=127
num_leaves=8
num_cat=0
split_feature=3 1 1 1 4 0 3
split_gain=1.83418 2.72376 3.18691 2.77277 2.40097 2.66956 2.33301
threshold=0.5242500000000001 0.55375000000000008 0.55835000000000012 0.52525000000000011 62.500000000000007 0.54175000000000006 0.52845000000000009
decision_type=2 2 2 2 2 2 2
left_child=-1 3 -3 4 -2 -6 -5
right_child=1 2 -4 6 5 -7 -8
leaf_value=-0.0026375832103216479 0.0051849909466345203 -0.054573479711742173 -0.001770348071438804 0.066313766911603719 -0.0072086214109649801 -0.096953351906102089 0.016945195180527239
leaf_weight=1044.8403768315911 153.90571284294128 13.818576484918593 66.129408687353134 10.412837892770765 10.087462484836577 4.9365849196910849 118.58180387318134
leaf_count=4253 633 57 284 42 41 20 489
internal_value=-0.000478299 0.00549225 -0.0108971 0.00989033 0.00146016 -0.0366968 0.0209304
internal_weight=1422.71 377.872 79.948 297.924 168.93 15.024 128.995
internal_count=5819 1566 341 1225 694 61 531
is_linear=0
shrinkage=0.1


Tree=128
num_leaves=8
num_cat=0
split_feature=2 2 2 3 4 3 3
split_gain=1.80601 3.7023 3.21888 2.84581 2.16838 4.01107 3.91584
threshold=0.5736500000000001 0.57215000000000016 0.61425000000000007 0.56595000000000018 40.500000000000007 0.55205000000000015 0.54455000000000009
decision_type=2 2 2 2 2 2 2
left_child=1 -1 3 4 5 6 -2
right_child=2 -3 -4 -5 -6 -7 -8
leaf_value=-0.0015301521189400515 0.019398232725495419 -0.08861351262366203 -0.0048176277194334777 0.063419252546012148 0.0069824282272700211 -0.026352246833806825 0.1375213057974802
leaf_weight=1215.5609681159258 5.4211683720350283 4.9017297476530066 96.906674429774284 13.44170071184635 75.307541847229004 5.1037257760763159 5.8186314404010773
leaf_count=4947 22 20 413 58 314 21 24
internal_value=-0.000430288 -0.0018799 0.00832816 0.02045 0.014148 0.0471656 0.0805483
internal_weight=1422.46 1220.46 201.999 105.093 91.6511 16.3435 11.2398
internal_count=5819 4967 852 439 381 67 46
is_linear=0
shrinkage=0.1


Tree=129
num_leaves=8
num_cat=0
split_feature=1 1 4 1 3 4 3
split_gain=1.63043 4.12476 5.65899 3.64154 4.94819 2.72593 3.36116
threshold=0.48025000000000007 0.48335000000000006 42.500000000000007 0.47845000000000004 0.46985000000000005 35.500000000000007 0.40435000000000004
decision_type=2 2 2 2 2 2 2
left_child=3 2 -2 5 -5 -1 -7
right_child=1 -3 -4 4 -6 6 -8
leaf_value=-0.036017717003004567 0.0068355478610644576 0.00030554352031929343 0.079157880214547977 0.0160724270299617 -0.071382189039185681 0.047729523184312152 -0.0029058959380428304
leaf_weight=23.657536029815674 34.111845538020134 965.80327999591827 15.844536915421484 10.025761768221857 18.239878982305527 13.633606843650339 340.89610360562801
leaf_count=99 138 3957 64 42 74 60 1385
internal_value=-0.000386967 0.00175483 0.0297738 -0.0057395 -0.0403622 -0.00315181 -0.000958687
internal_weight=1422.21 1015.76 49.9564 406.453 28.2656 378.187 354.53
internal_count=5819 4159 202 1660 116 1544 1445
is_linear=0
shrinkage=0.1


Tree=130
num_leaves=8
num_cat=0
split_feature=5 0 0 5 4 1 4
split_gain=1.7709 3.81924 3.82899 2.8493 6.97411 8.78455 4.18351
threshold=0.54955000000000009 0.51745000000000008 0.52455000000000018 0.57015000000000005 42.500000000000007 0.51665000000000016 46.500000000000007
decision_type=2 2 2 2 2 2 2
left_child=-1 -2 -3 4 -4 -6 -7
right_child=1 2 3 -5 5 6 -8
leaf_value=0.0018250446979563299 0.055120874712464976 -0.098371155866263105 -0.052292237514686993 0.0037759269635884579 -0.0849806518562784 0.10215819446481303 0.011720396268044169
leaf_weight=1245.8862695246935 8.8746010512113553 5.0016339123249045 40.503903329372406 81.194074034690857 8.5654277354478818 6.2588351666927329 27.986601337790489
leaf_count=5072 38 21 168 349 35 26 120
internal_value=0.000490784 -0.00882802 -0.012176 -0.0095554 -0.0225474 0.0055946 0.0282492
internal_weight=1424.27 178.385 169.51 164.509 83.3148 42.8109 34.2454
internal_count=5829 757 719 698 349 181 146
is_linear=0
shrinkage=0.1


Tree=131
num_leaves=8
num_cat=0
split_feature=5 5 0 0 1 1 0
split_gain=1.45196 3.77798 4.41116 3.45842 4.17837 5.21925 5.5359
threshold=0.55025000000000013 0.55125000000000013 0.51745000000000008 0.55535000000000012 0.54655000000000009 0.52625000000000011 0.54695000000000016
decision_type=2 2 2 2 2 2 2
left_child=-1 -2 -3 4 5 -4 -7
right_child=1 2 3 -5 -6 6 -8
leaf_value=0.0016295192978893836 -0.094829212510323224 0.067409956966403714 -0.044953967075677052 0.00078246192664379536 -0.095918712664759376 0.069264804942023486 -0.05722315585667246
leaf_weight=1250.9640120118856 4.8857489228248587 7.8819931894540778 26.812811493873596 109.50994385778904 8.2510183155536634 10.524009957909582 5.154972404241561
leaf_count=5093 20 34 113 468 35 44 22
internal_value=0.000441972 -0.00814417 -0.00562523 -0.00921745 -0.0307986 -0.0181537 0.0276778
internal_weight=1423.98 173.02 168.135 160.253 50.7428 42.4918 15.679
internal_count=5829 736 716 682 214 179 66
is_linear=0
shrinkage=0.1


Tree=132
num_leaves=8
num_cat=0
split_feature=3 3 0 0 2 0 0
split_gain=1.17544 3.04526 3.59313 2.93634 1.76049 1.65256 3.59702
threshold=0.55025000000000013 0.55125000000000013 0.51745000000000008 0.52345000000000008 0.56815000000000015 0.55535000000000012 0.54895000000000016
decision_type=2 2 2 2 2 2 2
left_child=-1 -2 -3 -4 -5 6 -6
right_child=1 2 3 4 5 -7 -8
leaf_value=0.0014665901062280344 -0.085005630544625246 0.061067612200452551 -0.093784459046788227 -0.059059098417968039 -0.0037568900454446326 0.0029764963712782307 -0.0683760268725737
leaf_weight=1250.9457304477692 4.9041117876768103 7.8331047743558875 3.9195873141288748 6.0460296422243109 34.819047689437866 103.9218946993351 11.44612319767475
leaf_count=5093 20 34 17 25 147 445 48
internal_value=0.00039843 -0.00733025 -0.00506263 -0.00829707 -0.00615236 -0.00402251 -0.0197438
internal_weight=1423.84 172.89 167.986 160.153 156.233 150.187 46.2652
internal_count=5829 736 716 682 665 640 195
is_linear=0
shrinkage=0.1


Tree=133
num_leaves=8
num_cat=0
split_feature=1 0 5 5 5 1 2
split_gain=1.17565 3.68809 3.59539 4.82996 3.34172 5.07369 3.34098
threshold=0.56745000000000012 0.57545000000000013 0.56745000000000012 0.5455000000000001 0.57275000000000009 0.57950000000000013 0.6323000000000002
decision_type=2 2 2 2 2 2 2
left_child=-1 2 3 -2 5 -3 -6
right_child=1 4 -4 -5 6 -7 -8
leaf_value=-0.0002312171715144168 0.053712924761778136 0.009260952525465457 0.11528185609949659 -0.058921592747690855 0.071211731230471517 -0.12965781993772932 -0.012072433221256883
leaf_weight=1366.1267493069172 14.082941189408308 5.7916056513786298 5.4438262134790412 5.2176924496889105 7.0654164105653789 4.8146671652793884 15.133959263563154
leaf_count=5574 63 24 25 22 33 20 68
internal_value=0.000358591 0.0143595 0.0435077 0.0232635 -0.00762633 -0.0538006 0.0144345
internal_weight=1423.68 57.5501 24.7445 19.3006 32.8056 10.6063 22.1994
internal_count=5829 255 110 85 145 44 101
is_linear=0
shrinkage=0.1


Tree=134
num_leaves=8
num_cat=0
split_feature=4 2 1 1 4 1 2
split_gain=1.05929 3.29367 5.11847 3.90718 2.48026 2.14112 2.14048
threshold=61.500000000000007 0.64795000000000014 0.55095000000000016 0.52475000000000005 59.500000000000007 0.55835000000000012 0.50065000000000015
decision_type=2 2 2 2 2 2 2
left_child=4 2 3 -2 -1 -4 -5
right_child=1 -3 5 6 -6 -7 -8
leaf_value=0.00069049747121338731 0.0020850425424319965 0.089165593790829556 -0.099578543587283699 -0.009404926898645069 -0.015874051791533738 -0.022115067126311443 0.056546860236285114
leaf_weight=1186.8581556603312 85.808088168501854 4.8992137163877478 5.1730550080537823 6.1345710307359722 97.845960274338722 11.501547068357466 24.877024829387665
leaf_count=4857 350 21 21 25 400 51 104
internal_value=0.000324367 0.00863693 0.00568154 0.0130794 -0.000571096 -0.046147 0.0435006
internal_weight=1423.1 138.393 133.494 116.82 1284.7 16.6746 31.0116
internal_count=5829 572 551 479 5257 72 129
is_linear=0
shrinkage=0.1


Tree=135
num_leaves=8
num_cat=0
split_feature=1 4 1 4 3 3 0
split_gain=3.05288 3.9869 3.81839 3.42329 3.96992 8.17311 2.91123
threshold=0.55375000000000008 39.500000000000007 0.54415000000000002 41.500000000000007 0.48355000000000004 0.55805000000000005 0.52455000000000018
decision_type=2 2 2 2 2 2 2
left_child=2 -2 -1 4 -4 -6 -3
right_child=1 6 3 -5 5 -7 -8
leaf_value=-0.0021846703858963592 -0.054879000591295336 0.071260651147048701 0.054805233138509685 0.043117803968031776 -0.091547737900520232 0.045331288179032612 -0.012690674336736041
leaf_weight=1245.5673906952143 23.57884818315506 4.3604636192321768 7.7716955244541195 36.122679114341736 9.8531176149845141 7.8279523849487296 78.383033223450184
leaf_count=5083 102 18 32 149 40 32 334
internal_value=-0.00230841 -0.0186037 -0.000982963 0.0233255 -0.00476372 -0.0309472 -0.00826656
internal_weight=1413.47 106.322 1307.14 61.5754 25.4528 17.6811 82.7435
internal_count=5790 454 5336 253 104 72 352
is_linear=0
shrinkage=0.1


Tree=136
num_leaves=8
num_cat=0
split_feature=1 1 2 3 3 3 0
split_gain=2.46562 3.54026 3.3274 7.71075 3.29643 4.21709 3.11098
threshold=0.55375000000000008 0.55245000000000011 0.44365000000000004 0.51545000000000007 0.47935000000000005 0.42545000000000005 0.53575000000000006
decision_type=2 2 2 2 2 2 2
left_child=1 -1 4 -4 5 -2 -5
right_child=2 -3 3 6 -6 -7 -8
leaf_value=-0.0012871315088248375 -0.071212523313818873 0.066428473345299083 0.1204537268195619 -0.083601599345145813 -0.11888317426394242 0.029061437263175532 -0.0090197482172612153
leaf_weight=1299.1278595626354 10.050068885087972 7.7668756395578376 4.4578210264444342 6.0544132292270652 5.4021623432636252 7.1978960484266272 73.358806982636452
leaf_count=5304 43 32 18 25 22 31 315
internal_value=-0.00207711 -0.000884698 -0.0167066 -0.00752197 -0.0507165 -0.0293663 -0.0147058
internal_weight=1413.42 1306.89 106.521 83.871 22.6501 17.248 79.4132
internal_count=5790 5336 454 358 96 74 340
is_linear=0
shrinkage=0.1


Tree=137
num_leaves=8
num_cat=0
split_feature=1 1 5 1 1 4 0
split_gain=2.33802 6.17706 2.48651 2.22065 2.80615 2.77256 2.38225
threshold=0.43905000000000005 0.43345000000000006 0.45515000000000005 0.55375000000000008 0.55245000000000011 39.500000000000007 0.52455000000000018
decision_type=2 2 2 2 2 2 2
left_child=1 -1 -3 4 -2 -5 -7
right_child=3 2 -4 5 -6 6 -8
leaf_value=0.0076091456741167809 -0.00036324653281209079 -0.11693885039102769 -0.03983444744711559 -0.045170484083729118 0.060061339156514987 0.065888767328420889 -0.010372753202892493
leaf_weight=24.053512468934059 1257.6386517584324 6.9503629654645946 10.5024356842041 23.719386115670204 7.7329538911581031 4.3216252028942099 78.509284257888794
leaf_count=101 5131 29 43 102 32 18 334
internal_value=-0.00186887 -0.0252516 -0.0705403 -0.00116144 6.02091e-06 -0.015026 -0.00639388
internal_weight=1413.43 41.5063 17.4528 1371.92 1265.37 106.55 82.8309
internal_count=5790 173 72 5617 5163 454 352
is_linear=0
shrinkage=0.1


Tree=138
num_leaves=8
num_cat=0
split_feature=1 1 2 1 3 0 1
split_gain=1.90648 5.08237 2.12504 1.796 2.61429 2.56404 6.36517
threshold=0.43905000000000005 0.43345000000000006 0.42595000000000005 0.55375000000000008 0.56745000000000012 0.55345000000000011 0.55095000000000016
decision_type=2 2 2 2 2 2 2
left_child=1 -1 -3 5 -5 -2 -7
right_child=3 2 -4 4 -6 6 -8
leaf_value=0.0068395338623949455 -0.0015373515359917271 -0.099789517666121957 -0.029599460658986422 -0.026640864397722515 0.0051559578627474846 0.007214490870414033 0.093905024206105164
leaf_weight=24.082481920719147 1132.3175329864025 8.5221194475889224 8.733952730894087 62.600352704524994 44.054484188556671 123.92595233023167 9.0909954458475095
leaf_count=101 4611 36 36 260 194 514 38
internal_value=-0.00168243 -0.0228413 -0.0642637 -0.00104491 -0.013507 5.51846e-06 0.0131393
internal_weight=1413.33 41.3386 17.2561 1371.99 106.655 1265.33 133.017
internal_count=5790 173 72 5617 454 5163 552
is_linear=0
shrinkage=0.1


Tree=139
num_leaves=8
num_cat=0
split_feature=1 1 3 2 1 1 3
split_gain=1.5557 4.18747 1.87675 1.73255 2.55762 1.45401 2.20292
threshold=0.43905000000000005 0.43345000000000006 0.45515000000000005 0.41835000000000006 0.42045000000000005 0.55375000000000008 0.42545000000000005
decision_type=2 2 2 2 2 2 2
left_child=1 3 -3 4 -1 -2 -7
right_child=5 2 -4 -5 -6 6 -8
leaf_value=-0.036790136893420991 5.4333758673058892e-06 -0.10012968774175435 -0.032089507034008972 -0.038154311849213772 0.04686887700411442 -0.056590213302758187 -0.007504610176525226
leaf_weight=5.1676445007324281 1265.108280569315 6.6435701549053219 10.400038644671438 6.4613215774297705 12.479038819670675 10.098892837762831 96.597143247723579
leaf_count=22 5163 29 43 27 52 43 411
internal_value=-0.00151474 -0.0206728 -0.0586115 0.0061487 0.0223702 -0.000940038 -0.0121506
internal_weight=1412.96 41.1516 17.0436 24.108 17.6467 1371.8 106.696
internal_count=5790 173 72 101 74 5617 454
is_linear=0
shrinkage=0.1


Tree=140
num_leaves=8
num_cat=0
split_feature=3 0 0 1 3 1 1
split_gain=2.35261 3.6327 5.04052 3.39009 5.07813 7.22199 4.28793
threshold=0.50525000000000009 0.53195000000000003 0.53325000000000011 0.49625000000000002 0.52305000000000013 0.55585000000000007 0.49205000000000004
decision_type=2 2 2 2 2 2 2
left_child=1 -1 -3 6 5 -5 -2
right_child=3 2 -4 4 -6 -7 -8
leaf_value=0.0014427525065639091 0.00083446297554252567 0.11224017906590492 0.016615901795464304 -0.03300137332892774 -0.0024123049815924624 0.06829531087287842 0.047974901262106406
leaf_weight=758.57498432695866 95.872558891773224 5.9327400475740424 77.799140900373459 109.80233980715275 343.62153336405754 7.5203257352113715 24.157759040594101
leaf_count=3093 390 24 320 443 1430 31 98
internal_value=0.000248056 0.00362461 0.0233913 -0.00464732 -0.00854538 -0.0265083 0.0103221
internal_weight=1423.28 842.307 83.7319 580.975 460.944 117.323 120.03
internal_count=5829 3437 344 2392 1904 474 488
is_linear=0
shrinkage=0.1


Tree=141
num_leaves=8
num_cat=0
split_feature=2 3 3 2 3 0 0
split_gain=2.7386 4.24119 4.17646 3.03851 4.01639 5.37758 2.77214
threshold=0.41835000000000006 0.46544999999999997 0.44934999999999997 0.36895000000000006 0.44205000000000005 0.47915000000000002 0.46195000000000003
decision_type=2 2 2 2 2 2 2
left_child=2 -2 3 4 -1 -6 -4
right_child=1 -3 6 -5 5 -7 -8
leaf_value=-0.00021372622390586232 -0.047922588801574288 -0.0016956361086020487 0.074585465990991792 -0.029130193624673013 0.12472292256241975 0.0093008212758017503 0.016919677803806998
leaf_weight=222.23550646007061 20.257707417011261 979.17524544894695 8.8556428551673871 32.489988014101982 6.1572540700435665 11.719610542058943 142.17858153581619
leaf_count=922 83 3999 36 135 25 48 581
internal_value=0.000223465 -0.00263262 0.00696147 -0.00042914 0.00345445 0.0490552 0.0203008
internal_weight=1423.07 999.433 423.637 272.602 240.112 17.8769 151.034
internal_count=5829 4082 1747 1130 995 73 617
is_linear=0
shrinkage=0.1


Tree=142
num_leaves=8
num_cat=0
split_feature=2 5 5 1 4 0 0
split_gain=2.21945 3.4824 3.38684 2.96854 4.00233 3.79432 3.5772
threshold=0.41835000000000006 0.45575000000000004 0.44934999999999997 0.47195000000000004 40.500000000000007 0.48864999999999997 0.47695000000000004
decision_type=2 2 2 2 2 2 2
left_child=2 -2 -1 4 5 -4 -6
right_child=1 -3 3 -5 6 -7 -8
leaf_value=-0.00038700068949761875 -0.19138543613363695 -0.0021852242480327379 0.033996722596231148 0.011124541744098236 0.055547610933905846 0.15397173795797853 -0.028759944773194154
leaf_weight=272.45876450836658 0.97377505898475547 998.43760228157043 5.1130101829767245 119.68526409566402 11.990290567278864 5.4413716793060303 8.6733497530221921
leaf_count=1130 4 4078 21 490 49 22 35
internal_value=0.000201055 -0.00236957 0.00626941 0.0182877 0.0457502 0.0958505 0.0201604
internal_weight=1422.77 999.411 423.362 150.903 31.218 10.5544 20.6636
internal_count=5829 4082 1747 617 127 43 84
is_linear=0
shrinkage=0.1


Tree=143
num_leaves=8
num_cat=0
split_feature=2 3 0 0 3 0 0
split_gain=1.79917 3.30682 2.87282 3.53427 2.74944 2.74615 5.02303
threshold=0.41835000000000006 0.46544999999999997 0.48765000000000008 0.47295000000000004 0.44934999999999997 0.54355000000000009 0.5242500000000001
decision_type=2 2 2 2 2 2 2
left_child=4 2 3 -2 -1 6 -6
right_child=1 -3 -4 -5 5 -7 -8
leaf_value=-0.00034830732306304551 -0.074606419166799345 -0.0013073719698905892 -0.10969251456332843 0.021918592297993401 0.018936201490834137 0.065898172040396649 -0.045545191945520459
leaf_weight=272.45346893370152 6.8433839231729534 979.29130579531193 4.8062630444765082 8.5110213458538038 126.88927400112152 10.465871915221213 13.352064877748488
leaf_count=1130 28 3999 20 35 518 44 55
internal_value=0.000181316 -0.00213269 -0.0422219 -0.0211021 0.0056467 0.0164847 0.0127971
internal_weight=1422.61 999.452 20.1607 15.3544 423.161 150.707 140.241
internal_count=5829 4082 83 63 1747 617 573
is_linear=0
shrinkage=0.1


Tree=144
num_leaves=8
num_cat=0
split_feature=1 1 3 3 2 1 1
split_gain=1.76357 1.53877 1.92701 6.03972 5.93218 3.35152 4.74211
threshold=0.60200000000000009 0.52285000000000015 0.48915000000000003 0.42974999999999997 0.18820000000000001 0.53795000000000004 0.53925000000000012
decision_type=2 2 2 2 2 2 2
left_child=1 -1 3 4 -3 -4 -7
right_child=-2 2 5 -5 -6 6 -8
leaf_value=0.0018707474865127982 0.052792371029296507 0.00018120558810824408 -0.022311556581199852 0.036775278748183406 -0.10260495543924703 0.07975340907314736 -0.0038672055262505946
leaf_weight=1050.8218722641468 6.3386677503585807 26.400194823741913 117.59543918073177 37.378457993268967 7.131758823990821 7.0643167197704306 169.57490655779839
leaf_count=4282 30 110 482 156 30 29 710
internal_value=0.000163097 -7.25012e-05 -0.00566482 0.00913312 -0.0216799 -0.00923112 -0.000522974
internal_weight=1422.31 1415.97 365.145 70.9104 33.532 294.235 176.639
internal_count=5829 5799 1517 296 140 1221 739
is_linear=0
shrinkage=0.1


Tree=145
num_leaves=8
num_cat=0
split_feature=1 1 3 1 2 0 0
split_gain=2.60663 2.54397 2.41298 2.17041 2.15333 4.17231 2.3946
threshold=0.45145000000000007 0.44965000000000005 0.48175000000000007 0.45235000000000009 0.44055 0.49075000000000002 0.49195000000000005
decision_type=2 2 2 2 2 2 2
left_child=1 2 4 -2 6 -6 -1
right_child=3 -3 -4 -5 5 -7 -8
leaf_value=0.003304823873081876 -0.059028504092741345 0.064381892260493415 -0.038875495107396602 0.0017004823499676084 0.10139486122523073 0.00016293192989429107 0.06786809934271687
leaf_weight=57.843580424785614 5.9117184877395621 10.659494757652281 8.2362071275711042 1304.5212109535933 8.0868304073810595 8.1994467675685865 6.3780601620674124
leaf_count=242 24 44 34 5347 33 33 26
internal_value=0.00261078 0.0182229 0.0126785 0.00142652 0.0179526 0.0504289 0.00971681
internal_weight=1409.84 99.4036 88.7441 1310.43 80.5079 16.2863 64.2216
internal_count=5783 412 368 5371 334 66 268
is_linear=0
shrinkage=0.1


Tree=146
num_leaves=8
num_cat=0
split_feature=0 0 0 3 4 3 2
split_gain=2.33957 4.81729 3.94464 3.24268 3.18151 2.12861 2.47347
threshold=0.49075000000000002 0.49335000000000001 0.49015000000000003 0.51375000000000004 58.500000000000007 0.36515000000000003 0.076300000000000021
decision_type=2 2 2 2 2 2 2
left_child=2 4 3 -1 -2 -3 -7
right_child=1 5 -4 -5 -6 6 -8
leaf_value=0.0097841258010607796 -0.02291895103815406 -0.027604272421669421 0.083260095917028362 -0.043886381858267105 -0.10529122531492666 0.15131262306149784 0.0018958504558579934
leaf_weight=327.87597559392452 33.930628135800362 24.786906108260155 7.0988646745681754 11.657498374581335 5.4407691806554785 1.1091503649950016 997.89481461048126
leaf_count=1350 138 105 29 49 22 6 4084
internal_value=0.00234954 2.34617e-05 0.0094839 0.00794141 -0.0343021 0.0013435 0.00206174
internal_weight=1409.79 1063.16 346.632 339.533 39.3714 1023.79 999.004
internal_count=5783 4355 1428 1399 160 4195 4090
is_linear=0
shrinkage=0.1


Tree=147
num_leaves=8
num_cat=0
split_feature=0 0 3 1 1 0 0
split_gain=1.97929 3.88947 2.9049 3.46663 3.44174 2.97673 3.34928
threshold=0.48185000000000006 0.47614999999999996 0.40195000000000008 0.46385000000000004 0.45745000000000008 0.47065000000000007 0.46735000000000004
decision_type=2 2 2 2 2 2 2
left_child=1 2 3 4 -1 6 -4
right_child=-2 -3 5 -5 -6 -7 -8
leaf_value=0.034189309920537543 0.00038317066720996805 0.03609356749152378 -0.00059945091914077669 0.001836886647209304 0.13648579567592162 -0.023138927575985031 0.043630994894975024
leaf_weight=10.572277158498762 1161.4737098813057 47.083390295505524 101.18533165752888 18.64139811694622 4.7741448581218711 45.309514507651329 20.606766074895859
leaf_count=46 4757 193 417 81 20 185 84
internal_value=0.00211527 0.0102217 0.00416396 0.0308141 0.0660129 -0.00125657 0.00688417
internal_weight=1409.65 248.173 201.089 33.9878 15.3464 167.102 121.792
internal_count=5783 1026 833 147 66 686 501
is_linear=0
shrinkage=0.1


Tree=148
num_leaves=8
num_cat=0
split_feature=1 1 0 3 2 1 1
split_gain=1.89033 2.21971 3.9165 3.38208 2.91253 3.03344 2.62275
threshold=0.45145000000000007 0.45975000000000005 0.46975000000000006 0.48805000000000004 0.44725000000000004 0.45654999999999996 0.46425000000000005
decision_type=2 2 2 2 2 2 2
left_child=-1 2 -2 4 5 -4 -3
right_child=1 6 3 -5 -6 -7 -8
leaf_value=0.015184989027536511 0.016779809650933477 0.026189815534157238 0.0050931198741658371 0.019113378868603453 -0.091211803401667763 -0.078511999912188282 0.00093179342329370888
leaf_weight=99.589110217988491 20.980338200926781 42.55930233001709 11.123129382729536 8.4161080271005613 11.844281628727911 7.1163058727979651 1208.0754589885473
leaf_count=412 86 173 45 34 48 29 4956
internal_value=0.00190328 0.000893663 -0.0179807 -0.0369233 -0.0526 -0.0275263 0.00179133
internal_weight=1409.7 1310.11 59.4802 38.4998 30.0837 18.2394 1250.63
internal_count=5783 5371 242 156 122 74 5129
is_linear=0
shrinkage=0.1


Tree=149
num_leaves=8
num_cat=0
split_feature=1 1 3 2 0 0 2
split_gain=1.52878 2.11798 1.88516 1.83205 3.25752 2.06568 3.83709
threshold=0.45145000000000007 0.44965000000000005 0.48175000000000007 0.44055 0.49075000000000002 0.49195000000000005 0.41965000000000002
decision_type=2 2 2 2 2 2 2
left_child=1 2 3 5 -5 6 -1
right_child=-2 -3 -4 4 -6 -7 -8
leaf_value=0.01369050675399771 0.00080388115810942442 0.055778180782783009 -0.037032192285460355 0.088184920795756364 -0.0012228214795312929 0.05951738499759536 -0.047571015184041304
leaf_weight=44.878725349903107 1309.9289120957255 10.657611966133116 8.2155670225620252 8.0991533547639865 8.2018532902002317 6.4179177284240714 13.240547582507132
leaf_count=187 5371 44 34 33 33 26 55
internal_value=0.00171247 0.0136488 0.0086069 0.0132452 0.0431994 0.00567927 -0.000265898
internal_weight=1409.64 99.7114 89.0538 80.8382 16.301 64.5372 58.1193
internal_count=5783 412 368 334 66 268 242
is_linear=0
shrinkage=0.1


Tree=150
num_leaves=8
num_cat=0
split_feature=4 2 3 4 0 2 2
split_gain=2.66185 2.72005 3.80297 2.17583 3.94959 3.62734 2.87896
threshold=59.500000000000007 0.64795000000000014 0.5807000000000001 45.500000000000007 0.45465000000000005 0.62225000000000008 0.60075000000000012
decision_type=2 2 2 2 2 2 2
left_child=1 2 3 -1 -5 6 -6
right_child=-2 -3 -4 4 5 -7 -8
leaf_value=0.00033891148442657514 -0.0098557971928704396 -0.024769303916861767 0.077102555598362016 -0.047248465847294828 0.015901957449942019 -0.067421667670941071 0.080157548243105448
leaf_weight=955.40593607723713 235.21109487116337 37.313452795147896 6.823021948337554 10.42721278965473 153.06394137442112 5.028880611062049 7.3057344406843177
leaf_count=3903 968 160 32 44 626 21 32
internal_value=-0.000145082 0.0017982 0.00266927 0.00222032 0.0124436 0.0162067 0.0188292
internal_weight=1410.58 1175.37 1138.05 1131.23 175.826 165.399 160.37
internal_count=5786 4818 4658 4626 723 679 658
is_linear=0
shrinkage=0.1


Tree=151
num_leaves=8
num_cat=0
split_feature=1 1 4 2 1 1 4
split_gain=2.18604 5.21567 2.30938 2.46111 3.8079 4.39761 3.24149
threshold=0.46315000000000006 0.46425000000000005 59.500000000000007 0.64795000000000014 0.54955000000000009 0.53745000000000009 45.500000000000007
decision_type=2 2 2 2 2 2 2
left_child=-1 -2 3 4 5 -3 -6
right_child=1 2 -4 -5 6 -7 -8
leaf_value=-0.010280505804141778 0.067564439983108709 0.0037251493777442635 -0.0082254986574580007 -0.022497695455730871 0.013586354189812376 -0.024861282386411502 0.059991169592910398
leaf_weight=184.41320391744375 11.798483073711393 797.3380725979805 231.72645226120949 36.803997248411179 71.407732471823692 57.709109768271446 19.073585763573647
leaf_count=758 48 3248 953 157 302 239 81
internal_value=-0.000129674 0.00139738 0.000754352 0.00287265 0.00386017 0.00179579 0.0233686
internal_weight=1410.27 1225.86 1214.06 982.332 945.529 855.047 90.4813
internal_count=5786 5028 4980 4027 3870 3487 383
is_linear=0
shrinkage=0.1


Tree=152
num_leaves=8
num_cat=0
split_feature=1 3 0 0 3 4 4
split_gain=1.80331 3.86791 3.25395 3.01002 2.94712 2.16993 2.36591
threshold=0.44625000000000004 0.45355000000000006 0.47495000000000004 0.48815000000000003 0.46085000000000004 59.500000000000007 40.500000000000007
decision_type=2 2 2 2 2 2 2
left_child=1 -1 -3 4 -4 6 -2
right_child=5 2 3 -5 -6 -7 -8
leaf_value=0.0075425438676604136 -0.0039444337910862553 -0.092929485965491929 -0.035054599903305173 -0.052605699526155084 0.072774793811253194 -0.0080431354371996774 0.0058245729191442833
leaf_weight=33.511361867189407 374.22590684890747 8.771611347794531 5.0056104809045809 13.451771661639212 5.1347799152135849 235.45234736800194 734.47538761049509
leaf_count=141 1545 37 21 55 21 968 2998
internal_value=-0.000116087 -0.0162703 -0.0409275 -0.0215931 0.0195469 0.000675608 0.00252719
internal_weight=1410.03 65.8751 32.3638 23.5922 10.1404 1344.15 1108.7
internal_count=5786 275 134 97 42 5511 4543
is_linear=0
shrinkage=0.1


Tree=153
num_leaves=8
num_cat=0
split_feature=1 1 0 4 0 3 0
split_gain=1.60964 4.21804 2.00204 3.78554 2.86234 3.19213 2.9802
threshold=0.46315000000000006 0.46425000000000005 0.46195000000000003 37.500000000000007 0.46895000000000003 0.49995000000000006 0.47145000000000004
decision_type=2 2 2 2 2 2 2
left_child=2 -2 3 -1 -4 6 -6
right_child=1 -3 4 -5 5 -7 -8
leaf_value=0.065779106563737727 0.060844494433685128 0.00062763696832463206 -0.052617496927384377 -0.0046959717063122068 0.057307026302901881 -0.080088194218194422 -0.01000205898787945
leaf_weight=9.2303546369075757 11.745079502463339 1213.8980604633689 17.893208414316177 43.735600307583809 7.0405328869819632 6.0761558786034575 100.14239950478077
leaf_count=40 48 4980 73 182 29 25 409
internal_value=-0.000104974 0.00120468 -0.00882313 0.00758569 -0.0154498 -0.00957792 -0.00558072
internal_weight=1409.76 1225.64 184.118 52.966 131.152 113.259 107.183
internal_count=5786 5028 758 222 536 463 438
is_linear=0
shrinkage=0.1


Tree=154
num_leaves=8
num_cat=0
split_feature=2 2 0 0 3 0 3
split_gain=1.55985 2.40679 2.19169 2.66004 1.71041 1.47237 2.59866
threshold=0.66220000000000001 0.67970000000000008 0.59635000000000005 0.59170000000000011 0.57905000000000006 0.55965000000000009 0.52845000000000009
decision_type=2 2 2 2 2 2 2
left_child=2 -2 3 5 -4 -1 -7
right_child=1 -3 4 -5 -6 6 -8
leaf_value=-0.00073893756931942261 -0.052059457333398118 0.00086168612793230913 0.075742289733572596 -0.06634360299142826 0.0095767720057339401 0.038215615884076348 0.0030201949666783705
leaf_weight=1229.8530218452215 14.536651968955992 21.020497068762779 6.6983101367950466 6.0156984478235236 9.3752309530973417 26.904705241322517 95.244313135743141
leaf_count=5025 61 91 28 26 43 112 400
internal_value=-9.47604e-05 -0.0207738 0.000440348 5.85306e-06 0.0371499 0.000301073 0.0107724
internal_weight=1409.65 35.5571 1374.09 1358.02 16.0735 1352 122.149
internal_count=5786 152 5634 5563 71 5537 512
is_linear=0
shrinkage=0.1


Tree=155
num_leaves=8
num_cat=0
split_feature=3 2 2 2 4 0 3
split_gain=2.02764 3.6318 4.66007 3.60062 4.13073 4.04287 2.83833
threshold=0.50585000000000013 0.5081500000000001 0.51005000000000011 0.48825000000000002 41.500000000000007 0.53155000000000008 0.51085000000000014
decision_type=2 2 2 2 2 2 2
left_child=-1 3 -3 4 6 -5 -2
right_child=1 2 -4 5 -6 -7 -8
leaf_value=0.0038996415023127974 0.00832375805307938 0.076807901662142575 -0.001692315986050295 -0.06649677620448792 0.045143502837974886 -0.014219134289149955 -0.094101323427515621
leaf_weight=847.75738136470318 6.1499273627996462 7.6817574799060813 486.08617611974478 25.227202281355858 14.038787513971327 35.765886858105659 4.8306524455547333
leaf_count=3467 25 31 2011 102 57 145 20
internal_value=0.000782922 -0.00377436 -0.000471055 -0.0227375 0.00920806 -0.0358416 -0.0367358
internal_weight=1427.54 579.78 493.768 86.0125 25.0194 60.9931 10.9806
internal_count=5858 2391 2042 349 102 247 45
is_linear=0
shrinkage=0.1


Tree=156
num_leaves=8
num_cat=0
split_feature=1 3 3 0 1 4 0
split_gain=2.40036 2.78275 3.02999 4.44964 4.42869 3.01946 2.27025
threshold=0.45145000000000007 0.38655000000000006 0.43335000000000001 0.44835000000000008 0.44625000000000004 41.500000000000007 0.47065000000000007
decision_type=2 2 2 2 2 2 2
left_child=1 -1 3 -3 5 -4 -7
right_child=-2 2 4 -5 -6 6 -8
leaf_value=-0.049924808362115831 -0.00040835453450685955 0.0043936706536221509 -0.021451478535357723 0.10999096953750241 0.045571191563388597 0.075849354714788014 -0.0025968610543407309
leaf_weight=6.0418542474508277 1329.4731807932258 7.6206380873918524 35.252048969268799 8.3767958581447584 25.686592787504196 6.6272175908088675 8.321516424417494
leaf_count=26 5452 32 148 34 105 27 34
internal_value=0.000704596 0.0158142 0.0201369 0.059688 0.0117993 -0.00548095 0.0321807
internal_weight=1427.4 97.9267 91.8848 15.9974 75.8874 50.2008 14.9487
internal_count=5858 406 380 66 314 209 61
is_linear=0
shrinkage=0.1


Tree=157
num_leaves=8
num_cat=0
split_feature=1 2 2 1 3 2 2
split_gain=1.94777 2.27057 2.57516 2.83308 2.53601 2.68093 2.33575
threshold=0.45145000000000007 0.25680000000000008 0.31925000000000003 0.44625000000000004 0.44825000000000004 0.35315000000000007 0.41265000000000002
decision_type=2 2 2 2 2 2 2
left_child=1 -1 -3 4 5 -4 -6
right_child=-2 2 3 -5 6 -7 -8
leaf_value=-0.045481591962585506 -0.00036751502041691675 0.086182682263850022 -0.027197912525084272 0.039790657084366993 -0.074750741916669625 0.054635995398346439 -0.0036313118544687301
leaf_weight=5.9726336002349845 1329.4873583316803 5.2458081990480414 5.6483896076679256 28.574878484010696 5.3653619885444632 13.745371058583258 33.150792703032494
leaf_count=26 5452 22 23 117 22 58 138
internal_value=0.00063396 0.0142614 0.0181513 0.0140248 0.00131104 0.0308021 -0.0135384
internal_weight=1427.19 97.7032 91.7306 86.4848 57.9099 19.3938 38.5162
internal_count=5858 406 380 358 241 81 160
is_linear=0
shrinkage=0.1


Tree=158
num_leaves=8
num_cat=0
split_feature=1 3 3 0 1 4 0
split_gain=1.57741 1.851 2.20498 3.65527 3.03479 2.40895 1.75923
threshold=0.45145000000000007 0.38655000000000006 0.43335000000000001 0.44835000000000008 0.44625000000000004 41.500000000000007 0.47065000000000007
decision_type=2 2 2 2 2 2 2
left_child=1 -1 3 -3 5 -4 -7
right_child=-2 2 4 -5 -6 6 -8
leaf_value=-0.041431408550868298 -0.00033076023267843483 1.1843782031543108e-05 -0.019406734585096341 0.095484656276060412 0.037208696763103719 0.067231630565802988 -0.0019738928954270477
leaf_weight=5.9045416265726081 1329.5000294968486 7.6640986204147366 35.170459792017937 8.4112017899751645 25.577520608901978 6.5754313617944709 8.3220736980438215
leaf_count=26 5452 32 148 34 105 27 34
internal_value=0.000570142 0.012839 0.0163327 0.0499668 0.00918512 -0.0051309 0.0285719
internal_weight=1427.13 97.6253 91.7208 16.0753 75.6455 50.068 14.8975
internal_count=5858 406 380 66 314 209 61
is_linear=0
shrinkage=0.1


Tree=159
num_leaves=8
num_cat=0
split_feature=5 5 0 0 0 4 2
split_gain=1.44382 3.70502 3.50024 4.03176 2.88197 2.84963 4.8403
threshold=0.45575000000000004 0.46085000000000004 0.55835000000000012 0.54405000000000003 0.56845000000000012 36.500000000000007 0.37355000000000005
decision_type=2 2 2 2 2 2 2
left_child=2 -2 3 -1 -4 -3 -7
right_child=1 5 4 -5 -6 6 -8
leaf_value=0.0063472027486079011 -0.032614801033115058 -0.061343058325920109 -0.1102125475864308 0.073697351412427961 0.00019446864358015604 0.093741905321966634 -0.00016749452112430492
leaf_weight=294.43038114905357 36.258359983563423 7.5480989366769782 4.5922598242759687 9.1649390161037427 4.8731205761432648 5.5169509798288336 1064.4337465688586
leaf_count=1221 149 33 20 38 21 24 4352
internal_value=0.000513285 -0.00117324 0.00651332 0.00838037 -0.053371 -0.000115212 0.000316727
internal_weight=1426.82 1113.76 313.061 303.595 9.46538 1077.5 1069.95
internal_count=5858 4558 1300 1259 41 4409 4376
is_linear=0
shrinkage=0.1


Tree=160
num_leaves=8
num_cat=0
split_feature=1 1 0 0 1 0 1
split_gain=2.22183 5.38862 4.91703 4.0942 3.5045 3.07214 2.08048
threshold=0.50355000000000016 0.50395000000000012 0.44075000000000003 0.47495000000000004 0.50935000000000008 0.48364999999999997 0.49625000000000002
decision_type=2 2 2 2 2 2 2
left_child=6 -2 -3 4 -4 -5 -1
right_child=1 2 3 5 -6 -7 -8
leaf_value=-0.0032299945066690617 0.082361136880926056 0.22535314226892558 0.011298298718321878 0.064577819757952445 -0.09680037736860371 0.0014532530419740742 -0.017581457931546637
leaf_weight=651.6846296787262 8.3371095359325391 0.97926275432109733 4.8762891292572004 7.8069107532501212 7.7903465777635574 619.89680342376232 119.54033067822456
leaf_count=2661 34 4 20 32 32 2565 487
internal_value=-0.00182509 0.00248326 0.0014449 0.0011025 -0.0551855 0.00223835 -0.00545448
internal_weight=1420.91 649.687 641.35 640.37 12.6666 627.704 771.225
internal_count=5835 2687 2653 2649 52 2597 3148
is_linear=0
shrinkage=0.1


Tree=161
num_leaves=8
num_cat=0
split_feature=1 0 0 1 1 0 4
split_gain=1.81359 3.89757 4.41589 3.6792 3.68348 3.28014 3.1534
threshold=0.50325000000000009 0.44075000000000003 0.47495000000000004 0.50475000000000014 0.5051500000000001 0.48364999999999997 42.500000000000007
decision_type=2 2 2 2 2 2 2
left_child=-1 -2 -3 6 -5 -6 -4
right_child=1 2 3 4 5 -7 -8
leaf_value=-0.0049540350967360175 0.2005062948784877 -0.055515841190531857 0.07278605889616771 -0.089523511091071983 0.067803466170252666 0.0013703976682728697 0.003046777877067571
leaf_weight=764.27446994185448 0.98973789811134238 13.121294319629667 13.757588446140291 4.4109864830970755 7.5248380154371253 604.37134584784508 12.263130426406859
leaf_count=3120 4 54 56 18 31 2502 50
internal_value=-0.00164281 0.00221237 0.00191294 0.00308608 0.00153098 0.00218736 0.0399191
internal_weight=1420.71 656.439 655.449 642.328 616.307 611.896 26.0207
internal_count=5835 2715 2711 2657 2551 2533 106
is_linear=0
shrinkage=0.1


Tree=162
num_leaves=8
num_cat=0
split_feature=1 1 0 0 1 5 0
split_gain=1.49304 4.04105 3.22577 2.63341 2.87826 2.80282 2.48023
threshold=0.50355000000000016 0.50395000000000012 0.44075000000000003 0.47495000000000004 0.50935000000000008 0.36125000000000002 0.47765000000000002
decision_type=2 2 2 2 2 2 2
left_child=-1 -2 -3 4 -4 -5 -7
right_child=1 2 3 5 -6 6 -8
leaf_value=-0.0044533531349244797 0.071630612623158021 0.18256810196582729 0.015700352576859582 0.054253788059428348 -0.082398558527692622 0.16426516538247737 0.00069442837427015141
leaf_weight=771.16355086863041 8.2419397979974729 0.97871710360050101 4.8835316002368909 10.021059557795523 7.7173681557178497 0.9283965528011312 616.52010019123554
leaf_count=3148 34 4 20 42 32 4 2551
internal_value=-0.00147848 0.00205477 0.00116024 0.000882849 -0.0443799 0.00179182 0.000940374
internal_weight=1420.45 649.291 641.049 640.07 12.6009 627.47 617.448
internal_count=5835 2687 2653 2649 52 2597 2555
is_linear=0
shrinkage=0.1


Tree=163
num_leaves=8
num_cat=0
split_feature=0 1 0 4 0 1 1
split_gain=1.32644 4.13543 3.78375 8.97701 5.1343 4.78421 3.12424
threshold=0.51565000000000016 0.55165000000000008 0.50805000000000011 46.500000000000007 0.50985000000000003 0.52285000000000015 0.45585000000000003
decision_type=2 2 2 2 2 2 2
left_child=1 2 -1 5 -5 -4 -2
right_child=6 -3 3 4 -6 -7 -8
leaf_value=-0.0017441214799912145 0.13785093485652675 0.080905232163156357 -0.029563494611964766 -0.052121813190865854 0.047239488876393204 -0.10747946162879572 0.0014320137328654617
leaf_weight=591.88977214694023 1.6828184574842442 5.6443237513303748 80.96485935151577 6.6468320339918163 23.899995967745781 8.7303188592195493 700.72220676392317
leaf_count=2426 7 24 329 27 97 36 2889
internal_value=-0.00133054 -0.00435376 -0.00502952 -0.0212019 0.025619 -0.0371473 0.00175885
internal_weight=1420.18 717.776 712.132 120.242 30.5468 89.6952 702.405
internal_count=5835 2939 2915 489 124 365 2896
is_linear=0
shrinkage=0.1


Tree=164
num_leaves=8
num_cat=0
split_feature=0 0 1 1 2 0 0
split_gain=1.14432 2.74016 2.8093 7.39851 4.35407 2.93173 3.34511
threshold=0.49375000000000002 0.49075000000000002 0.50975000000000004 0.49685000000000001 0.45395000000000002 0.49285000000000007 0.49145000000000005
decision_type=2 2 2 2 2 2 2
left_child=1 -1 3 4 5 6 -3
right_child=-2 2 -4 -5 -6 -7 -8
leaf_value=-0.0027473943235010673 0.00055322931491203224 0.032615943182956492 -0.084810400461362428 0.075738107866343829 -0.087889854408513629 0.054203519273759854 -0.066978947443193104
leaf_weight=345.31528086960316 1028.5681682676077 5.122695177793509 7.4807984083890906 6.9281494915485373 11.366013586521147 5.1979336738586417 9.8699922114610654
leaf_count=1425 4223 21 31 28 46 21 40
internal_value=-0.00119775 -0.00580057 -0.0287375 -0.0178379 -0.0383821 -0.0105125 -0.0329494
internal_weight=1419.85 391.281 45.9656 38.4848 31.5566 20.1906 14.9927
internal_count=5835 1612 187 156 128 82 61
is_linear=0
shrinkage=0.1


Tree=165
num_leaves=8
num_cat=0
split_feature=3 3 4 0 0 0 3
split_gain=2.31395 2.47174 1.51216 1.32637 1.47529 1.33094 1.13782
threshold=0.58585000000000009 0.58225000000000005 32.500000000000007 0.43465000000000004 0.42974999999999997 0.43824999999999997 0.38655000000000006
decision_type=2 2 2 2 2 2 2
left_child=1 2 -1 4 -4 -5 -7
right_child=-2 -3 3 5 -6 6 -8
leaf_value=-0.047442708767069547 -0.023428473966999572 0.05566229421447895 -0.007459516656877628 0.055152686849475219 -0.072933890364460838 0.012776203338847476 -0.00020910328727926871
leaf_weight=6.6610021293163291 41.946588054299355 8.0498475208878499 10.704113125801085 4.4663212001323691 5.0721003562211981 71.225591599941254 1282.872956648469
leaf_count=28 181 37 48 19 22 300 5244
internal_value=-0.000288186 0.000410604 8.85428e-05 0.000318912 -0.0285097 0.000653682 0.000473924
internal_weight=1431 1389.05 1381 1374.34 15.7762 1358.56 1354.1
internal_count=5879 5698 5661 5633 70 5563 5544
is_linear=0
shrinkage=0.1


Tree=166
num_leaves=8
num_cat=0
split_feature=5 5 4 2 5 1 1
split_gain=1.86993 2.03337 1.22861 1.24122 3.40216 5.17685 3.13318
threshold=0.58585000000000009 0.58225000000000005 32.500000000000007 0.16579999999999998 0.35724999999999996 0.49005000000000004 0.55945000000000011
decision_type=2 2 2 2 2 2 2
left_child=1 2 -1 4 5 -4 -6
right_child=-2 -3 3 -5 6 -7 -8
leaf_value=-0.042824851359268661 -0.021038587524535367 0.050833098323869522 0.026968832332467448 -0.00037495764674933034 0.048316744485213059 -0.057954689907751315 -0.033532921621342825
leaf_weight=6.6423148065805426 42.035345196723938 7.9391193613409987 15.916004523634912 1310.7834343761206 29.00041875243187 13.074858650565146 5.5760714560747138
leaf_count=28 181 37 68 5364 120 56 25
internal_value=-0.000259285 0.00036959 7.94835e-05 0.000286843 0.0139334 -0.0113316 0.035117
internal_weight=1430.97 1388.93 1380.99 1374.35 63.5674 28.9909 34.5765
internal_count=5879 5698 5661 5633 269 124 145
is_linear=0
shrinkage=0.1


Tree=167
num_leaves=8
num_cat=0
split_feature=5 5 0 0 4 4 2
split_gain=1.5118 1.67249 1.06253 1.4691 1.42158 1.34827 1.19768
threshold=0.58585000000000009 0.58225000000000005 0.43465000000000004 0.43824999999999997 32.500000000000007 40.500000000000007 0.16579999999999998
decision_type=2 2 2 2 2 2 2
left_child=1 2 5 -4 -5 -1 -6
right_child=-2 -3 3 4 6 -7 -8
leaf_value=-0.061945940543308577 -0.018900662974969066 0.046416212857223277 0.05599086549763245 -0.046937209824129009 0.01393437082838025 -0.0020677662912471969 -0.00025600942379617829
leaf_weight=6.2253167629241934 42.107045724987984 7.8309943228960028 4.7321031689643851 6.3745954334735861 62.348453745245934 9.4974205046892148 1291.6731368601322
leaf_count=28 181 37 20 27 264 42 5280
internal_value=-0.000233286 0.000332739 7.13931e-05 0.00036909 0.000175611 -0.0257761 0.000397413
internal_weight=1430.79 1388.68 1380.85 1365.13 1360.4 15.7227 1354.02
internal_count=5879 5698 5661 5591 5571 70 5544
is_linear=0
shrinkage=0.1


Tree=168
num_leaves=8
num_cat=0
split_feature=1 1 4 1 3 3 1
split_gain=1.55609 1.86008 1.8838 2.30959 2.30228 4.50746 3.03457
threshold=0.60200000000000009 0.54815000000000014 61.500000000000007 0.54655000000000009 0.5414500000000001 0.53755000000000008 0.5212500000000001
decision_type=2 2 2 2 2 2 2
left_child=1 2 3 -1 5 -4 -6
right_child=-2 -3 4 -5 6 -7 -8
leaf_value=-0.00083535291327512971 0.048476487533375072 -0.011517008322676547 0.011545042916106899 0.052208743522401138 -0.024876542801086639 -0.082882999568921825 0.063717028276011806
leaf_weight=1162.6342746391892 6.5347155481576911 136.86544748395681 89.677147641777992 8.2668062895536405 5.0762622356414822 5.3570847511291495 16.220121145248413
leaf_count=4756 32 578 366 35 21 22 69
internal_value=-0.000210101 -0.000433508 0.00074495 -0.000460851 0.0128817 0.00622213 0.0425996
internal_weight=1430.63 1424.1 1287.23 1170.9 116.331 95.0342 21.2964
internal_count=5879 5847 5269 4791 478 388 90
is_linear=0
shrinkage=0.1


Tree=169
num_leaves=8
num_cat=0
split_feature=3 3 0 0 3 2 2
split_gain=1.22126 1.36366 0.899285 5.82117 2.1098 1.02064 1.70714
threshold=0.58585000000000009 0.58225000000000005 0.57635000000000014 0.58645000000000014 0.59215000000000007 0.6533000000000001 0.67275000000000018
decision_type=2 2 2 2 2 2 2
left_child=1 -1 4 -4 -2 -5 -7
right_child=2 -3 3 5 -6 6 -8
leaf_value=8.6396866664335137e-05 0.050337721285166129 0.042209318426507103 -0.1232596694624379 -0.038343589562889205 -0.02699241590453897 0.049561174524342021 -0.018262724861971669
leaf_weight=1380.530598282814 5.7404704838991156 7.7284971550106993 5.1709322184324291 6.599178388714793 9.154540076851843 6.1462193429470053 9.3668526709079725
leaf_count=5661 24 37 22 29 39 26 41
internal_value=-0.000188409 0.000320897 -0.0169518 -0.0277407 0.00281027 -0.00540364 0.00860884
internal_weight=1430.44 1388.26 42.1782 27.2832 14.895 22.1123 15.5131
internal_count=5879 5698 181 118 63 96 67
is_linear=0
shrinkage=0.1


Tree=170
num_leaves=8
num_cat=0
split_feature=0 0 0 1 1 1 1
split_gain=1.79389 6.37786 4.72891 3.97424 4.01651 3.63627 4.30671
threshold=0.52345000000000008 0.52145000000000008 0.52495000000000014 0.47195000000000004 0.47795000000000004 0.49364999999999998 0.51245000000000007
decision_type=2 2 2 2 2 2 2
left_child=1 -1 5 -4 -5 -2 -7
right_child=2 -3 3 4 -6 6 -8
leaf_value=0.0019364760110737529 0.0081982351505799304 0.050519595982279834 -0.059669289727473186 0.062068771339183641 -0.001745789059252224 -0.11857773675510569 -0.013129650986772257
leaf_weight=805.60769989341497 7.9044866561889675 27.958965823054314 11.62432539463043 10.045488178730009 542.95719146728516 9.3188870549201948 6.6279398500919333
leaf_count=3301 32 113 47 41 2248 38 27
internal_value=0.000581761 0.00356602 -0.00364538 -0.00180295 -0.000586575 -0.0472608 -0.0747506
internal_weight=1422.04 833.567 588.478 564.627 553.003 23.8513 15.9468
internal_count=5847 3414 2433 2336 2289 97 65
is_linear=0
shrinkage=0.1


Tree=171
num_leaves=8
num_cat=0
split_feature=4 4 1 3 2 1 1
split_gain=1.82714 1.80683 3.33609 2.56871 2.68435 1.997 3.93108
threshold=33.500000000000007 34.500000000000007 0.48305000000000003 0.38995000000000007 0.097050000000000011 0.49625000000000002 0.49485000000000001
decision_type=2 2 2 2 2 2 2
left_child=-1 2 -2 4 -4 6 -3
right_child=1 5 3 -5 -6 -7 -8
leaf_value=0.036618792776821139 -0.077000827420833542 0.0034213112314231196 -0.034214536306721902 -0.047999324154532674 0.053014606286321077 -0.0028817695126181816 0.050371451638050041
leaf_weight=13.887208253145216 8.5000573843717557 630.15239316225052 5.5993894785642651 8.4816695153713209 9.5361726284027082 727.49776974320412 18.352938562631607
leaf_count=60 35 2575 24 35 39 3005 74
internal_value=0.000523776 0.000167799 -0.0232787 -0.00394367 0.0207443 0.000715064 0.00475002
internal_weight=1422.01 1408.12 32.1173 23.6172 15.1356 1376 648.505
internal_count=5847 5787 133 98 63 5654 2649
is_linear=0
shrinkage=0.1


Tree=172
num_leaves=8
num_cat=0
split_feature=4 4 2 0 0 0 3
split_gain=1.48061 1.4711 2.58679 1.44925 5.26124 4.00152 4.1217
threshold=33.500000000000007 34.500000000000007 0.21620000000000003 0.52345000000000008 0.52145000000000008 0.52775000000000016 0.48055000000000009
decision_type=2 2 2 2 2 2 2
left_child=-1 2 -2 4 -3 6 -5
right_child=1 3 -4 5 -6 -7 -8
leaf_value=0.032969595655036425 -0.0074548037642345813 0.0018689919055443318 -0.080540801204598 -0.09938390468486108 0.046452453391529321 -0.00030487681538394465 -0.018001834004288932
leaf_weight=13.882080674171446 26.029930412769321 773.06305277347565 5.9496677219867697 7.0292681008577338 27.407629013061523 514.32339129596949 54.274842113256454
leaf_count=60 108 3165 25 29 111 2128 221
internal_value=0.00047118 0.000150782 -0.0210521 0.000643524 0.0033955 -0.00318339 -0.0273333
internal_weight=1421.96 1408.08 31.9796 1376.1 800.471 575.628 61.3041
internal_count=5847 5787 133 5654 3276 2378 250
is_linear=0
shrinkage=0.1


Tree=173
num_leaves=8
num_cat=0
split_feature=1 1 0 1 3 1 3
split_gain=1.24947 4.56436 3.39957 3.07373 4.32602 3.59108 2.65706
threshold=0.51335000000000008 0.51195000000000013 0.51395000000000013 0.51665000000000016 0.54665000000000008 0.51585000000000014 0.57405000000000006
decision_type=2 2 2 2 2 2 2
left_child=1 6 -3 4 5 -2 -1
right_child=3 2 -4 -5 -6 -7 -8
leaf_value=0.0012034063784231428 0.0020889819799331066 0.0041123656800468684 0.095626004275336768 -0.0012117828601398918 -0.10163773900015334 -0.072593897997082074 0.069385735556929021
leaf_weight=911.83494386076927 27.628041177988052 7.3274408429861095 9.1013584583997709 444.80289233475924 6.9209045618772498 8.3948271721601468 5.7515958100557318
leaf_count=3724 112 30 37 1855 29 34 26
internal_value=0.000423923 0.00256617 0.0548098 -0.0036784 -0.0292271 -0.0153152 0.00163079
internal_weight=1421.76 934.015 16.4288 487.747 42.9438 36.0229 917.587
internal_count=5847 3817 67 2030 175 146 3750
is_linear=0
shrinkage=0.1


Tree=174
num_leaves=8
num_cat=0
split_feature=2 0 3 3 0 0 0
split_gain=1.17934 1.95695 1.29088 1.45881 1.9461 3.38238 4.35054
threshold=0.7007000000000001 0.61380000000000012 0.59440000000000015 0.55885000000000018 0.51565000000000016 0.5444500000000001 0.54935000000000012
decision_type=2 2 2 2 2 2 2
left_child=1 2 3 -1 -5 -6 -7
right_child=-2 -3 -4 4 5 6 -8
leaf_value=0.00095298363592007367 0.029979202420231044 -0.062672077494084114 0.034922357383385491 0.053206077006331176 -0.053467974235198425 0.080673905522811798 -0.012056450156748888
leaf_weight=1293.513938806951 13.33636452257633 4.9487753659486762 10.700958937406538 4.4224275797605506 18.154916495084763 5.4469358623027793 71.112484492361546
leaf_count=5295 60 22 45 19 78 23 305
internal_value=0.000381756 0.000101474 0.000322838 5.69795e-05 -0.0116339 -0.0146614 -0.00545901
internal_weight=1421.64 1408.3 1403.35 1392.65 99.1368 94.7143 76.5594
internal_count=5847 5787 5765 5720 425 406 328
is_linear=0
shrinkage=0.1


Tree=175
num_leaves=8
num_cat=0
split_feature=2 3 3 1 1 1 1
split_gain=2.8405 5.07507 6.09088 4.46299 5.66025 2.94886 3.7559
threshold=0.41085000000000005 0.46775000000000005 0.47045000000000003 0.51785000000000014 0.53745000000000009 0.45485000000000003 0.45315000000000005
decision_type=2 2 2 2 2 2 2
left_child=1 -1 -3 -4 -5 6 -2
right_child=5 2 3 4 -6 -7 -8
leaf_value=-0.0036606500805398505 -0.0090680323240913564 -0.12716211260263852 -0.093991747328050046 0.098689023814730464 -0.03657226821271644 0.0046748279464786692 -0.087246493982350334
leaf_weight=371.43756295740604 58.082321748137474 7.2429853826761272 5.6597701311111477 4.8184274435043326 8.6435364335775358 962.29448964446783 6.8723758459091178
leaf_count=1544 241 30 23 20 36 3940 28
internal_value=0.000504531 -0.00666989 -0.0490653 -0.0194836 0.0118417 0.00328282 -0.0173395
internal_weight=1425.05 397.802 26.3647 19.1217 13.462 1027.25 64.9547
internal_count=5862 1653 109 79 56 4209 269
is_linear=0
shrinkage=0.1


Tree=176
num_leaves=8
num_cat=0
split_feature=2 3 3 1 1 0 0
split_gain=2.30022 4.10886 4.87674 3.63172 4.63874 3.23447 4.24498
threshold=0.41085000000000005 0.46775000000000005 0.47045000000000003 0.51785000000000014 0.53745000000000009 0.53195000000000003 0.55795000000000006
decision_type=2 2 2 2 2 2 2
left_child=1 5 -3 -4 -5 -1 -7
right_child=-2 2 3 4 -6 6 -8
leaf_value=-0.0063423210503724308 0.0029550341824985064 -0.11376379790235674 -0.084916477805917323 0.090133473798243824 -0.032784995169151378 0.048151932016840704 -0.026565961336835822
leaf_weight=335.62817697227001 1027.0110609233379 7.28364069759846 5.6391063928604153 4.7516839802265158 8.6759647876024228 24.838967360556126 10.958287373185156
leaf_count=1391 4209 30 23 20 36 105 48
internal_value=0.00045445 -0.00600177 -0.0441596 -0.0175703 0.0107125 -0.0032947 0.0252792
internal_weight=1424.79 397.776 26.3504 19.0668 13.4276 371.425 35.7973
internal_count=5862 1653 109 79 56 1544 153
is_linear=0
shrinkage=0.1


Tree=177
num_leaves=8
num_cat=0
split_feature=2 2 0 0 1 0 0
split_gain=1.87213 3.59035 2.70236 6.10001 3.03256 2.60336 2.41673
threshold=0.39284999999999998 0.35620000000000002 0.52185000000000015 0.51365000000000005 0.51075000000000015 0.44625000000000004 0.52695000000000014
decision_type=2 2 2 2 2 2 2
left_child=1 2 3 -1 -5 -3 -4
right_child=-2 5 6 4 -6 -7 -8
leaf_value=-0.00045342167720098677 0.0023918132757935985 0.044396110834404548 0.074285823193884923 -0.017811005697911487 -0.12407053301883522 -0.026256199489514628 0.012053374257636319
leaf_weight=168.59781242907047 1096.5781931504607 5.527593493461608 7.293847754597663 4.77373358607292 6.1406423896551132 92.320916846394539 43.194764092564583
leaf_count=702 4494 23 30 20 26 382 185
internal_value=0.00040953 -0.00622074 0.000604904 -0.00514363 -0.0775947 -0.022265 0.0210438
internal_weight=1424.43 327.849 230.001 179.512 10.9144 97.8485 50.4886
internal_count=5862 1368 963 748 46 405 215
is_linear=0
shrinkage=0.1


Tree=178
num_leaves=8
num_cat=0
split_feature=2 5 5 2 0 1 0
split_gain=1.55081 3.28145 3.94037 3.70486 2.92936 2.39119 4.16101
threshold=0.41085000000000005 0.46775000000000005 0.47045000000000003 0.39135000000000003 0.52145000000000008 0.45485000000000003 0.48815000000000003
decision_type=2 2 2 2 2 2 2
left_child=1 -1 -3 -4 -5 6 -2
right_child=5 2 3 4 -6 -7 -8
leaf_value=-0.0025193737399402511 0.0081351483264721827 -0.10167611909307597 0.050962298221924579 -0.00048165307436961514 -0.095204179738473768 0.0036741334926087264 -0.042553028212142921
leaf_weight=370.94666606932878 33.79045295715332 7.2749341130256679 5.8635627925395992 7.0011343359947187 6.1178270578384399 961.95408517122269 31.101637780666351
leaf_count=1544 141 30 25 29 25 3940 128
internal_value=0.00036834 -0.0049376 -0.0391006 -0.0151189 -0.0446541 0.00242078 -0.0161588
internal_weight=1424.05 397.204 26.2575 18.9825 13.119 1026.85 64.8921
internal_count=5862 1653 109 79 54 4209 269
is_linear=0
shrinkage=0.1


Tree=179
num_leaves=8
num_cat=0
split_feature=4 4 1 1 1 0 1
split_gain=1.44941 2.78694 2.65148 3.03164 2.36744 4.24584 3.06766
threshold=61.500000000000007 42.500000000000007 0.49255000000000004 0.49855000000000005 0.54535000000000011 0.55995000000000017 0.53795000000000004
decision_type=2 2 2 2 2 2 2
left_child=1 -1 -2 -4 6 -6 -5
right_child=2 -3 3 4 5 -7 -8
leaf_value=0.0022377788294461608 -0.019843419904438626 -0.0080567965603923659 0.083188081752826576 0.014243847287221157 -0.090116081787239177 0.0091320719063999797 0.081992589687618189
leaf_weight=915.25698359310627 24.51446221768856 368.99256503582001 6.4137148559093466 78.66200989484787 5.8031478524208095 16.75711116194725 7.3041125982999793
leaf_count=3765 101 1520 26 322 24 73 31
internal_value=0.000331348 -0.000720074 0.010014 0.016382 0.0124339 -0.0163974 0.0200001
internal_weight=1423.7 1284.25 139.455 114.94 108.526 22.5603 85.9661
internal_count=5862 5285 577 476 450 97 353
is_linear=0
shrinkage=0.1


Tree=180
num_leaves=8
num_cat=0
split_feature=0 0 0 1 0 0 1
split_gain=1.41785 7.19107 6.79622 2.97114 1.44991 3.86293 2.82552
threshold=0.49565000000000003 0.49515000000000003 0.49655000000000005 0.49325000000000002 0.51025000000000009 0.51135000000000008 0.45145000000000007
decision_type=2 2 2 2 2 2 2
left_child=1 -1 3 -2 -4 -6 -7
right_child=2 -3 4 -5 5 6 -8
leaf_value=-0.0038223100191483576 0.031854806962916885 -0.11469745130401086 0.0081580591390365831 0.13624893001090246 -0.045489635230533246 0.13722136893057937 -0.00045319668380292054
leaf_weight=416.25875226408243 5.9385502189397794 5.9329621791839591 204.41109156608582 5.0401080101728439 19.296681046485901 1.4936427474021901 757.47580932080746
leaf_count=1719 24 24 831 21 79 6 3127
internal_value=-0.00052563 -0.00538041 0.00153711 0.0797803 0.000662957 -0.00130563 -0.000182255
internal_weight=1415.85 422.192 993.656 10.9787 982.677 778.266 758.969
internal_count=5831 1743 4088 45 4043 3212 3133
is_linear=0
shrinkage=0.1


Tree=181
num_leaves=8
num_cat=0
split_feature=1 1 1 0 0 5 0
split_gain=1.27661 2.91931 2.79337 2.23701 3.01844 1.7567 1.65954
threshold=0.51945000000000008 0.5182500000000001 0.51985000000000003 0.56755000000000011 0.56415000000000004 0.53155000000000008 0.51975000000000005
decision_type=2 2 2 2 2 2 2
left_child=1 3 -2 4 -1 6 -3
right_child=2 5 -4 -5 -6 -7 -8
leaf_value=-0.0017005990271561978 0.077988376366554424 -0.064995785912776022 0.0033422291694257967 0.055921905741157185 -0.079155542659419875 -0.095077532453786764 0.015518292554990383
leaf_weight=984.85277055948973 5.0770154595375052 4.8355105966329557 398.74723058193922 6.6905843168497077 5.0571798682212821 4.9113512784242621 5.4401485323905945
leaf_count=4029 21 20 1670 28 21 20 22
internal_value=-0.000472704 -0.00236988 0.00428071 -0.0017068 -0.0020963 -0.045883 -0.02237
internal_weight=1415.61 1011.79 403.824 996.601 989.91 15.187 10.2757
internal_count=5831 4140 1691 4078 4050 62 42
is_linear=0
shrinkage=0.1


Tree=182
num_leaves=8
num_cat=0
split_feature=1 0 3 2 1 3 4
split_gain=1.12252 2.97243 4.64764 4.04802 3.34985 1.44439 1.36809
threshold=0.57590000000000019 0.54935000000000012 0.57015000000000005 0.63530000000000009 0.58505000000000007 0.60655000000000003 38.500000000000007
decision_type=2 2 2 2 2 2 2
left_child=5 -2 -3 -4 -5 6 -1
right_child=1 2 3 4 -6 -7 -8
leaf_value=0.0069176827785217589 0.091012094794378801 -0.039152897194235453 0.097265202397435371 0.065976258548005928 -0.045655369451066664 0.046426715123605675 -0.0023452181918455807
leaf_weight=184.15093226730824 4.7142260372638694 13.2677568346262 7.1557110995054272 4.6007477641105634 6.4662300199270248 6.4237512648105612 1188.6462907269597
leaf_count=769 22 58 35 20 29 29 4869
internal_value=-0.000425031 0.0169565 0.00587012 0.0386509 0.000751967 -0.000881297 -0.00110267
internal_weight=1415.43 36.2047 31.4904 18.2227 11.067 1379.22 1372.8
internal_count=5831 164 142 84 49 5667 5638
is_linear=0
shrinkage=0.1


Tree=183
num_leaves=8
num_cat=0
split_feature=0 0 0 3 1 1 1
split_gain=1.08428 5.84749 5.59781 2.58893 1.35866 1.37059 5.64137
threshold=0.49565000000000003 0.49515000000000003 0.49655000000000005 0.47484999999999999 0.43595000000000006 0.49725000000000003 0.50935000000000008
decision_type=2 2 2 2 2 2 2
left_child=1 -1 3 -2 -4 -6 -7
right_child=2 -3 4 -5 5 6 -8
leaf_value=-0.0032249722096469279 0.11712543466800668 -0.10346293930922515 -0.16739465128852249 0.018948333573577072 0.0059393531680876493 -0.018537380990565341 0.0032845121597700638
leaf_weight=416.20785792171955 5.9576164335012418 5.9022885859012595 0.48097993433475394 4.8910989463329315 332.36637388169765 155.9179502427578 493.22037164121866
leaf_count=1719 25 24 2 20 1350 636 2055
internal_value=-0.000381114 -0.00462658 0.00142388 0.0728627 0.000634638 0.00071698 -0.00195694
internal_weight=1414.94 422.11 992.834 10.8487 981.986 981.505 649.138
internal_count=5831 1743 4088 45 4043 4041 2691
is_linear=0
shrinkage=0.1


Tree=184
num_leaves=8
num_cat=0
split_feature=0 0 0 3 4 0 0
split_gain=0.878804 4.79299 4.72272 5.10779 3.09567 2.24852 2.88496
threshold=0.49565000000000003 0.49515000000000003 0.49735000000000001 0.46915000000000001 45.500000000000007 0.49835000000000002 0.50085000000000013
decision_type=2 2 2 2 2 2 2
left_child=1 -1 3 -2 -5 -4 -7
right_child=2 -3 5 4 -6 6 -8
leaf_value=-0.0029026909439232654 0.11853150492056448 -0.094103771829300409 -0.040567055109940943 -0.023902916328952348 0.064876309283025027 0.027947710456607117 -0.00031729716070526916
leaf_weight=416.17851477116346 6.8458725064992931 5.843344345688819 13.32707694172859 8.9059196561574918 7.0263832360506049 37.588332653045654 918.90161562711
leaf_count=1719 29 24 54 36 29 153 3787
internal_value=-0.000342987 -0.00416547 0.00128222 0.0462908 0.01525 0.000225097 0.000793467
internal_weight=1414.62 422.022 992.595 22.7782 15.9323 969.817 956.49
internal_count=5831 1743 4088 94 65 3994 3940
is_linear=0
shrinkage=0.1


Tree=185
num_leaves=8
num_cat=0
split_feature=4 3 1 1 0 1 3
split_gain=1.89133 3.80891 3.46609 2.61091 2.56285 2.93707 6.0355
threshold=38.500000000000007 0.37559999999999999 0.51585000000000014 0.51945000000000008 0.46975000000000006 0.50785000000000013 0.45115000000000005
decision_type=2 2 2 2 2 2 2
left_child=2 -2 4 -4 -1 6 -6
right_child=1 -3 3 -5 5 -7 -8
leaf_value=-0.0081471805470487921 -0.15070736237135218 -0.0030378350098524123 -0.079061164431756925 -0.0053772430644243724 0.0061985738761676972 0.06773737567721709 0.081668173533408647
leaf_weight=30.129717633128166 1.7492016255855549 1223.4776261225343 5.2388942390680304 58.589828297495842 67.744959190487862 13.934789374470709 12.561535529792307
leaf_count=127 8 5030 22 250 278 58 54
internal_value=-0.00181499 -0.00324866 0.00751855 -0.011425 0.0172406 0.0253573 0.0180035
internal_weight=1413.43 1225.23 188.2 63.8287 124.371 94.2413 80.3065
internal_count=5827 5038 789 272 517 390 332
is_linear=0
shrinkage=0.1


Tree=186
num_leaves=8
num_cat=0
split_feature=3 1 1 3 4 3 3
split_gain=1.54757 1.64424 3.99454 3.46029 6.80698 3.23123 4.07528
threshold=0.61630000000000018 0.51505000000000012 0.51195000000000013 0.46915000000000001 41.500000000000007 0.54365000000000008 0.55025000000000013
decision_type=2 2 2 2 2 2 2
left_child=1 2 5 -4 -5 -1 -7
right_child=-2 -3 3 4 -6 6 -8
leaf_value=-0.0019807736624504499 0.043416347415412733 -0.0067475943761856243 0.096133804923808727 -0.060166287473692362 0.047509373228121925 0.080812194268139029 0.0065095619149653176
leaf_weight=870.02205800265074 7.5844084322452536 464.19691893458366 7.0064846575260153 8.0925637334585208 21.38778081536293 10.592393279075621 24.351508110761642
leaf_count=3555 35 1939 29 33 87 44 105
internal_value=-0.00163381 -0.00187688 0.000524695 0.0329648 0.0179516 -0.000783239 0.0290326
internal_weight=1413.23 1405.65 941.453 36.4868 29.4803 904.966 34.9439
internal_count=5827 5792 3853 149 120 3704 149
is_linear=0
shrinkage=0.1


Tree=187
num_leaves=8
num_cat=0
split_feature=2 2 2 0 3 2 0
split_gain=1.8558 1.47595 2.69149 3.20672 3.02257 6.56993 3.61423
threshold=0.71575000000000011 0.45235000000000009 0.46635000000000004 0.53925000000000012 0.50525000000000009 0.50365000000000004 0.53445000000000009
decision_type=2 2 2 2 2 2 2
left_child=1 -1 3 -3 6 -6 -4
right_child=-2 2 4 -5 5 -7 -8
leaf_value=0.0020906321523042732 0.045118282809485377 -0.028018422201659655 0.0054174407343179042 0.048327162235093354 -0.03550978616280883 -0.0022111026772806274 0.067525228538177315
leaf_weight=584.02057171612978 8.4988640099763852 71.894178926944733 161.11669147014618 5.957556501030921 67.138469889760017 504.45196044445038 9.9481823146343213
leaf_count=2414 40 291 654 24 273 2091 40
internal_value=-0.00146982 -0.00175173 -0.00448665 -0.0221761 -0.00263228 -0.00612233 0.00902928
internal_weight=1413.03 1404.53 820.507 77.8517 742.655 571.59 171.065
internal_count=5827 5787 3373 315 3058 2364 694
is_linear=0
shrinkage=0.1


Tree=188
num_leaves=8
num_cat=0
split_feature=2 4 5 1 1 0 0
split_gain=1.52323 1.22819 3.2965 2.50369 2.65045 2.13867 5.16686
threshold=0.71575000000000011 38.500000000000007 0.37559999999999999 0.51585000000000014 0.51945000000000008 0.52185000000000015 0.51655000000000006
decision_type=2 2 2 2 2 2 2
left_child=1 3 -3 -1 -5 6 -6
right_child=-2 2 -4 4 5 -7 -8
leaf_value=0.014269529912251545 0.04115666045155799 -0.14374821807857613 -0.0025385093809587589 -0.080023545115044906 -0.0025634939881917862 0.010846900550369451 -0.11912987014274111
leaf_weight=123.1603297740221 8.3911051303148252 1.6554439961910237 1217.2962881401181 5.0168410986661902 16.782535657286648 35.632584497332573 4.9166068583726874
leaf_count=511 40 8 5003 21 71 152 21
internal_value=-0.00132285 -0.00157665 -0.00273028 0.00600371 -0.0103242 -0.00422512 -0.0289752
internal_weight=1412.85 1404.46 1218.95 185.509 62.3486 57.3317 21.6991
internal_count=5827 5787 5011 776 265 244 92
is_linear=0
shrinkage=0.1


Tree=189
num_leaves=8
num_cat=0
split_feature=2 2 2 1 1 1 0
split_gain=1.24976 1.12646 3.06772 2.34133 3.76729 2.90516 3.2657
threshold=0.71575000000000011 0.45605000000000007 0.46515000000000001 0.52235000000000009 0.52475000000000005 0.51945000000000008 0.54225000000000012
decision_type=2 2 2 2 2 2 2
left_child=1 -1 -3 5 -5 -4 -7
right_child=-2 2 3 4 -6 6 -8
leaf_value=0.0018471573135718324 0.03752532014539639 -0.02714135559820003 0.00013096946311631606 -0.053042339597576739 -0.0064553695491211972 0.0021497036323932998 0.07423749703634451
leaf_weight=602.4898464679718 8.2883996367454511 52.930772736668587 452.97553984820843 18.64263916015625 251.90250946581364 13.823607191443445 11.522277131676672
leaf_count=2490 40 214 1845 78 1056 57 47
internal_value=-0.00119161 -0.00142013 -0.00387524 -0.00223077 -0.00966557 0.00197446 0.0349209
internal_weight=1412.58 1404.29 801.797 748.867 270.545 478.321 25.3459
internal_count=5827 5787 3297 3083 1134 1949 104
is_linear=0
shrinkage=0.1


Tree=190
num_leaves=8
num_cat=0
split_feature=3 0 2 2 1 0 2
split_gain=2.03646 2.97066 3.49801 4.09736 3.52112 3.25514 2.08363
threshold=0.44825000000000004 0.46195000000000003 0.41085000000000005 0.43135000000000007 0.46185000000000004 0.46275000000000005 0.31550000000000006
decision_type=2 2 2 2 2 2 2
left_child=-1 2 -2 -4 -5 -3 -7
right_child=1 5 3 4 -6 6 -8
leaf_value=-0.0051341203806696606 0.1008303855160237 -0.11654579376374337 -0.059237950376946229 0.10655238230601141 -0.011547303573036426 -0.14411334714718713 0.0043343159443482568
leaf_weight=259.24071145802736 6.7793785631656673 2.2367868274450293 5.0416258424520484 5.3745634406805021 4.7607990652322769 0.94632472097873588 1120.9517082497478
leaf_count=1085 28 9 21 23 20 4 4605
internal_value=0.00286988 0.00468035 0.0411093 0.0144325 0.0510784 0.00396882 0.0042091
internal_weight=1405.33 1146.09 21.9564 15.177 10.1354 1124.13 1121.9
internal_count=5795 4710 92 64 43 4618 4609
is_linear=0
shrinkage=0.1


Tree=191
num_leaves=8
num_cat=0
split_feature=3 0 0 2 2 1 3
split_gain=1.65001 2.41975 2.88814 2.88315 3.32419 2.85129 2.33623
threshold=0.44825000000000004 0.46195000000000003 0.46735000000000004 0.41085000000000005 0.43135000000000007 0.46185000000000004 0.47095000000000004
decision_type=2 2 2 2 2 2 2
left_child=-1 3 6 -2 -5 -6 -3
right_child=1 2 -4 4 5 -7 -8
leaf_value=-0.0046217234724351816 0.091732759305664713 -0.07877433588363518 0.0041215433316531946 -0.053503512422899441 0.095887576712933797 -0.010397082836966243 0.0071931402931799298
leaf_weight=259.18673930317163 6.7100796103477505 7.6446082442998868 1110.9815012589097 5.0246503353118888 5.3748478293418867 4.7588410377502441 5.3900142461061478
leaf_count=1085 28 31 4565 21 23 20 22
internal_value=0.00258367 0.00421345 0.00357248 0.0371586 0.0130005 0.0459757 -0.0432255
internal_weight=1405.07 1145.88 1124.02 21.8684 15.1583 10.1337 13.0346
internal_count=5795 4710 4618 92 64 43 53
is_linear=0
shrinkage=0.1


Tree=192
num_leaves=8
num_cat=0
split_feature=1 1 3 0 1 3 2
split_gain=1.47991 2.38399 4.23299 8.7923 2.97597 2.17586 3.51286
threshold=0.46705000000000008 0.47095000000000004 0.47095000000000004 0.47234999999999999 0.47154999999999997 0.39955000000000007 0.16579999999999998
decision_type=2 2 2 2 2 2 2
left_child=-1 2 3 -2 -3 6 -6
right_child=1 4 -4 -5 5 -7 -8
leaf_value=-0.0050290220057141706 -0.018798020814167243 -0.067907381926203617 0.0006709484817511239 0.1191988890241233 -0.0010678649405242615 0.0043878715308368248 -0.052021607261815123
leaf_weight=228.9689325094223 7.8687006235122707 5.9133130311965934 27.143643096089363 11.172781854867933 56.062729939818382 1049.7510152831674 17.834606975317001
leaf_count=947 33 24 111 46 240 4318 76
internal_value=0.00232613 0.0037585 0.0260274 0.0621731 0.00284797 0.00322033 -0.0133652
internal_weight=1404.72 1175.75 46.1851 19.0415 1129.56 1123.65 73.8973
internal_count=5795 4848 190 79 4658 4634 316
is_linear=0
shrinkage=0.1


Tree=193
num_leaves=8
num_cat=0
split_feature=4 5 2 0 1 0 0
split_gain=1.92204 2.17902 2.7478 2.44699 2.88464 3.25968 2.35096
threshold=33.500000000000007 0.44825000000000004 0.36230000000000001 0.46195000000000003 0.47795000000000004 0.45160000000000006 0.46275000000000005
decision_type=2 2 2 2 2 2 2
left_child=-1 -2 -3 4 5 -4 -5
right_child=1 2 3 6 -6 -7 -8
leaf_value=0.037359461382121609 -0.0068609405504087805 0.048695734559695565 -0.044422243556248325 -0.10030375871285112 0.095408299620397499 0.049860095082127978 0.0025652180044307095
leaf_weight=15.287271648645399 244.57637691497803 13.317891255021093 5.9516719877719906 2.2261181175708762 5.9835814386606208 9.5528849065303785 1107.2369654178619
leaf_count=66 1023 59 26 9 25 40 4547
internal_value=0.00209485 0.00170668 0.00353793 0.00300616 0.0364296 0.0136683 0.00235881
internal_weight=1404.13 1388.85 1144.27 1130.95 21.4881 15.5046 1109.46
internal_count=5795 5729 4706 4647 91 66 4556
is_linear=0
shrinkage=0.1


Tree=194
num_leaves=8
num_cat=0
split_feature=4 2 2 0 2 5 4
split_gain=1.55793 1.8658 5.09388 2.71131 2.63843 1.90646 3.13993
threshold=33.500000000000007 0.34355000000000008 0.33940000000000009 0.42100000000000004 0.33495000000000003 0.43824999999999997 41.500000000000007
decision_type=2 2 2 2 2 2 2
left_child=-1 2 4 -3 -2 6 -5
right_child=1 3 -4 5 -6 -7 -8
leaf_value=0.033645510947950444 -0.0070816988158000005 0.19491771071453795 -0.1083869360907752 0.0074265842402437337 0.066868299321809058 0.0023177101249846651 0.089980813358903719
leaf_weight=15.277728989720343 176.35201768577099 0.73551604151725669 4.8999387174844733 15.474648565053942 4.9603863656520835 1179.4102548286319 6.5604934841394416
leaf_count=66 743 3 20 63 21 4852 27
internal_value=0.00188641 0.00153693 -0.00777751 0.0029797 -0.00505856 0.0028622 0.0320053
internal_weight=1403.67 1388.39 186.212 1202.18 181.312 1201.45 22.0351
internal_count=5795 5729 784 4945 764 4942 90
is_linear=0
shrinkage=0.1


Tree=195
num_leaves=8
num_cat=0
split_feature=1 3 2 2 2 3 0
split_gain=2.33592 3.06677 2.76787 2.32113 2.26073 2.78043 2.48623
threshold=0.45315000000000005 0.49045000000000005 0.36724999999999997 0.33495000000000003 0.38794999999999996 0.44745000000000007 0.46895000000000003
decision_type=2 2 2 2 2 2 2
left_child=1 2 3 -1 -4 -6 -7
right_child=-2 -3 4 -5 5 6 -8
leaf_value=0.012953633450430269 -0.0035372633037689841 0.085500591940250129 -0.054497835525602105 0.073420456814867516 0.067708459009428776 -0.045643856521762005 0.0065817884175958172
leaf_weight=17.215550079941753 1302.9191089943051 5.3496288955211631 7.3668474107980719 10.057080283761023 6.1935715228319159 11.029577821493147 52.522109195590019
leaf_count=74 5378 23 31 41 26 46 218
internal_value=-0.00235715 0.0116548 0.00787027 0.0352514 -0.00181376 0.003751 -0.00248212
internal_weight=1412.65 109.734 104.385 27.2726 77.1121 69.7453 63.5517
internal_count=5837 459 436 115 321 290 264
is_linear=0
shrinkage=0.1


Tree=196
num_leaves=8
num_cat=0
split_feature=1 3 2 2 2 2 2
split_gain=1.89109 2.4784 2.2404 1.88996 2.01455 2.78357 1.84912
threshold=0.45315000000000005 0.49045000000000005 0.36724999999999997 0.33495000000000003 0.29680000000000006 0.19765000000000002 0.38794999999999996
decision_type=2 2 2 2 2 2 2
left_child=1 2 3 4 5 -1 -4
right_child=-2 -3 6 -5 -6 -7 -8
leaf_value=-0.019124777231481725 -0.0031831913011077084 0.076812205747149254 -0.049526251203863891 0.066199364534039032 -0.028627870914299375 0.087074066129602196 0.0033719357135096107
leaf_weight=4.3863716274499946 1303.0531192272902 5.3586056828498831 7.2993464618921271 10.039446517825125 7.2252922952175131 5.6435955911874771 69.791618555784225
leaf_count=20 5378 23 31 41 30 24 290
internal_value=-0.00212143 0.0104854 0.00708053 0.0317015 0.0116299 0.0406305 -0.00163672
internal_weight=1412.8 109.744 104.386 27.2947 17.2553 10.03 77.091
internal_count=5837 459 436 115 74 44 321
is_linear=0
shrinkage=0.1


Tree=197
num_leaves=8
num_cat=0
split_feature=0 0 2 0 2 1 2
split_gain=1.62001 3.79951 6.55833 4.73217 3.71495 6.90668 2.92369
threshold=0.48055000000000009 0.47695000000000004 0.47105000000000002 0.47065000000000007 0.49295000000000005 0.46935000000000004 0.43965000000000004
decision_type=2 2 2 2 2 2 2
left_child=1 2 3 6 -4 -6 -1
right_child=-2 -3 4 -5 5 -7 -8
leaf_value=0.007703740126612714 -0.0034275121341575485 0.038907767909332133 0.10849043457242991 -0.032096777922495739 -0.070868586400603506 0.088096246686982405 -0.058973787421802093
leaf_weight=132.71717314422131 1176.41021476686 29.983953483402729 8.0117952674627322 47.649997025728226 4.8244432136416417 6.3052873909473419 6.9190087467432013
leaf_count=557 4850 125 33 197 21 26 28
internal_value=-0.00190952 0.00564418 0.000812589 -0.00488575 0.0565667 0.0191892 0.00439985
internal_weight=1412.82 236.412 206.428 187.286 19.1415 11.1297 139.636
internal_count=5837 987 862 782 80 47 585
is_linear=0
shrinkage=0.1


Tree=198
num_leaves=8
num_cat=0
split_feature=1 3 3 4 1 1 1
split_gain=1.44114 2.21193 2.11773 1.55033 1.56506 3.42013 1.47585
threshold=0.45315000000000005 0.49045000000000005 0.48105000000000003 39.500000000000007 0.44855000000000006 0.44375000000000003 0.56745000000000012
decision_type=2 2 2 2 2 2 2
left_child=1 2 3 4 5 -1 -2
right_child=6 -3 -4 -5 -6 -7 -8
leaf_value=0.052258477424386253 -0.0033726534397960648 0.072076496675829244 -0.045219820363411586 0.0036291865112203247 0.082770212661229581 -0.050516500357611398 0.012910367790280014
leaf_weight=9.8397454768419284 1244.8432895168662 5.338585637509822 7.4703020155429831 77.017530366778374 5.0956043004989615 4.8260139524936667 58.269442148506641
leaf_count=43 5116 23 31 321 21 20 262
internal_value=-0.00171832 0.0092955 0.00608049 0.0100403 0.035027 0.0184386 -0.00264455
internal_weight=1412.7 109.588 104.249 96.7789 19.7614 14.6658 1303.11
internal_count=5837 459 436 405 84 63 5378
is_linear=0
shrinkage=0.1


Tree=199
num_leaves=8
num_cat=0
split_feature=0 4 4 5 1 0 0
split_gain=1.38038 4.15073 2.07204 1.26083 2.67391 2.29644 2.34977
threshold=0.44075000000000003 45.500000000000007 39.500000000000007 0.57695000000000018 0.57590000000000019 0.54075000000000006 0.58195000000000008
decision_type=2 2 2 2 2 2 2
left_child=1 2 -1 -2 5 -5 -7
right_child=3 -3 -4 4 -6 6 -8
leaf_value=0.011699141271717506 -0.0013371998771040212 -0.039979622391605074 0.078645444467382419 0.034402287122703275 0.01821498539283245 -0.058500811098096364 -0.0083532823511049941
leaf_weight=8.7948556542396599 1326.5620867013931 7.8198596462607375 9.7469521313905698 5.0236123353242865 16.404238730669022 22.30901600420475 16.077930763363838
leaf_count=39 5454 35 43 24 77 94 71
internal_value=-0.00154653 0.021122 0.0468911 -0.00197757 -0.0161795 -0.0291767 -0.0374971
internal_weight=1412.74 26.3617 18.5418 1386.38 59.8148 43.4106 38.3869
internal_count=5837 117 82 5720 266 189 165
is_linear=0
shrinkage=0.1


end of trees

feature_importances:
Column_1=364
Column_0=343
Column_2=253
Column_3=243
Column_4=145
Column_5=52

parameters:
[boosting: gbdt]
[objective: binary]
[metric: binary_logloss]
[tree_learner: serial]
[device_type: cpu]
[data_sample_strategy: bagging]
[data: ]
[valid: ]
[num_iterations: 200]
[learning_rate: 0.1]
[num_leaves: 8]
[num_threads: 0]
[seed: 0]
[deterministic: 0]
[force_col_wise: 0]
[force_row_wise: 0]
[histogram_pool_size: -1]
[max_depth: -1]
[min_data_in_leaf: 20]
[min_sum_hessian_in_leaf: 0.001]
[bagging_fraction: 0.8]
[pos_bagging_fraction: 1]
[neg_bagging_fraction: 1]
[bagging_freq: 5]
[bagging_seed: 3]
[bagging_by_query: 0]
[feature_fraction: 0.8]
[feature_fraction_bynode: 1]
[feature_fraction_seed: 2]
[extra_trees: 0]
[extra_seed: 6]
[early_stopping_round: 0]
[early_stopping_min_delta: 0]
[first_metric_only: 0]
[max_delta_step: 0]
[lambda_l1: 0]
[lambda_l2: 0]
[linear_lambda: 0]
[min_gain_to_split: 0]
[drop_rate: 0.1]
[max_drop: 50]
[skip_drop: 0.5]
[xgboost_dart_mode: 0]
[uniform_drop: 0]
[drop_seed: 4]
[top_rate: 0.2]
[other_rate: 0.1]
[min_data_per_group: 100]
[max_cat_threshold: 32]
[cat_l2: 10]
[cat_smooth: 10]
[max_cat_to_onehot: 4]
[top_k: 20]
[monotone_constraints: ]
[monotone_constraints_method: basic]
[monotone_penalty: 0]
[feature_contri: ]
[forcedsplits_filename: ]
[refit_decay_rate: 0.9]
[cegb_tradeoff: 1]
[cegb_penalty_split: 0]
[cegb_penalty_feature_lazy: ]
[cegb_penalty_feature_coupled: ]
[path_smooth: 0]
[interaction_constraints: ]
[verbosity: -1]
[saved_feature_importance_type: 0]
[use_quantized_grad: 0]
[num_grad_quant_bins: 4]
[quant_train_renew_leaf: 0]
[stochastic_rounding: 1]
[linear_tree: 0]
[max_bin: 255]
[max_bin_by_feature: ]
[min_data_in_bin: 3]
[bin_construct_sample_cnt: 200000]
[data_random_seed: 1]
[is_enable_sparse: 1]
[enable_bundle: 1]
[use_missing: 1]
[zero_as_missing: 0]
[feature_pre_filter: 1]
[pre_partition: 0]
[two_round: 0]
[header: 0]
[label_column: ]
[weight_column: ]
[group_column: ]
[ignore_column: ]
[categorical_feature: ]
[forcedbins_filename: ]
[precise_float_parser: 0]
[parser_config_file: ]
[objective_seed: 5]
[num_class: 1]
[is_unbalance: 0]
[scale_pos_weight: 1]
[sigmoid: 1]
[boost_from_average: 1]
[reg_sqrt: 0]
[alpha: 0.9]
[fair_c: 1]
[poisson_max_delta_step: 0.7]
[tweedie_variance_power: 1.5]
[lambdarank_truncation_level: 30]
[lambdarank_norm: 1]
[label_gain: ]
[lambdarank_position_bias_regularization: 0]
[eval_at: ]
[multi_error_top_k: 1]
[auc_mu_weights: ]
[num_machines: 1]
[local_listen_port: 12400]
[time_out: 120]
[machine_list_filename: ]
[machines: ]
[gpu_platform_id: -1]
[gpu_device_id: -1]
[gpu_use_dp: 0]
[num_gpu: 1]

end of parameters

pandas_categorical:null
